title,count,type
ZEN AND THE ART OF MOTORCYCLE MAINTENANCE,2,book
13 Million Dollar Pop,1,book
19 Purchase Street,1,book
1977 Baseball Abstract,1,book
1978 Baseball Abstract,1,book
1979 Baseball Abstract,1,book
1980 Baseball Abstract,1,book
1981 Baseball Abstract,1,book
1982 Baseball Abstract,1,book
1983 Baseball Abstract,1,book
1984 Baseball Abstract,1,book
1985 Baseball Abstract,1,book
1986 Baseball Abstract,1,book
1987 Baseball Abstract,1,book
1988 Baseball Abstract,1,book
1Q84,1,book
21 Lessons for the 21st Century,1,book
25 Women: Essays on Their Art,1,book
3 Nights in August,1,book
40 Stories,1,book
747,1,book
A Billion Wicked Thoughts,1,book
A Brief History of Everyone Who Ever Lived,1,book
A Brief History of Seven Killings,1,book
a gambler's anatomy,1,book
A Guide for Murdered Children,1,book
A Hologram For The King,1,book
A Legacy of Spies,1,book
A LIGHT THAT NEVER GOES OUT: THE ENDURING SAGA OF THE SMITHS,1,book
A Little Lumpen Novelita,1,book
A Man in Full,1,book
A Spy Among Friends,1,book
A Universe From Nothing,1,book
A Visit From The Goon Squad,1,book
A Wilderness of Error,1,book
Absurdistan,1,book
Affections,1,book
Aftermath,1,book
AIR GUITAR,1,book
All Kinds of Love,1,book
American Heiress,1,book
American Psycho,1,book
AN OBJECT OF BEAUTY,1,book
An Unsuitable Job for A Woman,1,book
Anatomy of a Soldier,1,book
Animal Spirits,1,book
ANOTHER INSANE DEVOTION,1,book
Apocalypse On the Set,1,book
APPETITE FOR SELF-DESTRUCTION,1,book
AREA 51: AN AUNCENSORED HISTORY OF AMERICA'S TOP SECRET MILITARY BASE,1,book
ARSENALS OF FOLLY,1,book
Assholes: A Theory,1,book
Astrophysics for People in a Hurry,1,book
At Home,1,book
At Last,1,book
Babylon,1,book
back,1,book
Back to Blood,1,book
Bad Blood: Secrets and Lies in a Silicon Valley Startup,1,book
Bad News,1,book
Beasts: What Animals Can Teach Us About the Origins of Good and Evil,1,book
beatlebone,1,book
BEAUTIFUL RUIN,1,book
Believing is Seeing,1,book
Between Me and the World,1,book
BIG DATA,1,book
black box thinking,1,book
BLACK LOS ANGELES: AMERICAN DREAMS AND RACIAL REALITIES,1,book
Book of Numbers,1,book
Boomerang,1,book
Bresson on Bresson: Interviews 1943-1983,1,book
Bring Up The Bodies,1,book
Built,1,book
butcher's crossing,1,book
C,1,book
Cat Sense,1,book
Catherine the Great,1,book
Caveat Emptor,1,book
Cherry,1,book
Choke,1,book
Citizen Vince,1,book
City of the Sun,1,book
"Classic Wiley: A Lifetime of Punches, Players, Punks, & Prophets",1,book
CLOUD ATLAS,1,book
COLLECTED STORIES,1,book
COLLOSSUS,1,book
COLUMBINE,1,book
Concluding,1,book
Confessions of Zeno,1,book
Convenience Store Woman,1,book
Conversations With Friends,1,book
CONVERSATIONS WITH MARLON BRANDO,1,book
CONVERSATIONS WITH ROBERT EVANS,1,book
Crudo,1,book
crunch time,1,book
DAVID AND GOLIATH,1,book
Dead Stars,1,book
Dead Wake,1,book
DEAR LIFE,1,book
Dear Mr. M,1,book
DEATH FOR BEGINNERS,1,book
Death of a Murderer,1,book
Debbie: My Life,1,book
DIGITAL BARBARISM,1,book
DISSIDENT GARDENS,1,book
Dogrun,1,book
Double Cross,1,book
E=MC2,1,book
Eileen,1,book
Elastic,1,book
EMPIRE OF ILLUSION,1,book
"Everybody Lies: Big Data, New Data, and What the Internet Can Tell Us About Who We Are",1,book
Everybody's Right,1,book
EVERYDAY DRINKING,1,book
Evolving Ourselves,1,book
failure: why science is so successful,1,book
Fantasyland,1,book
Fear of Dying,1,book
Fighting For Life,1,book
Find the Bad Guy,1,book
Fire and Fury: Inside the Trump White House,1,book
Five Came Back,1,book
Flights,1,book
Free for All,1,book
Free Will,1,book
FREEDOM,1,book
Fresh Complaint,1,book
From the Diaries of Pussy-Cake,1,book
From the Sultan to Ataturk: Turkey,1,book
Fun In A Chinese Laundry,1,book
GENIUS ON THE EDGE,1,book
Ghostwritten,1,book
Giovanni's Room,1,book
Glamorama,1,book
God is Dead,1,book
God's Mountain,1,book
Golden Hill,1,book
Group f.64,1,book
Heroes of the Frontier,1,book
Heyday,1,book
Highsmith: A Romance of the 50s,1,book
Hikikomori and the Rental Sister,1,book
HISTORICAL BASEBALL ABSTRACT,1,book
Hits and Misses,1,book
Home and Away: Writing the Beautiful Game,1,book
Homesick For Another World,1,book
Homo Deus: A Brief History of Tomorrow,1,book
Hope to Die,1,book
Hot Pink,1,book
Hotel du Lac,1,book
How We Are Hungry,1,book
Human Smoke,1,book
I AM CHARLOTTE SIMMONS,1,book
I AM MALALA,1,book
I Am Pilgrim,1,book
i heard you paint houses,1,book
I Met Someone,1,book
If It's Not Funny It's Art,1,book
IGNORANCE; HOW IT DRIVES SCIENCE,1,book
Imbibe,1,book
IMPERIAL BEDROOMS,1,book
In Cold Blood,1,book
INFINITE JEST,1,book
Inherent Vice,1,book
IQ,1,book
IS THIS THE REAL LIFE? THE UNTOLD STORY OF QUEEN,1,book
Islam and the Future of Tolerance,1,book
ISTANBUL PASSAGE,1,book
It Won't Always Be This Great,1,book
it's all your fault,1,book
J.D. SALINGER: A LIFE,1,book
JAWS: MEMORIES FROM MARTHA'S VINEYARD,1,book
JUST KIDS,1,book
Kill All Normies,1,book
Killer of Demons,1,book
L.A. NOIR: DAVE HICKEY IN LAS VEGAS,1,book
Lake Success,1,book
LE PETITE,1,book
LET'S EXPLORE DIABETES WITH OWLS,1,book
Let's Pretend This Never Happened,1,book
LETTERS FROM NUREMBERG,1,book
Liar's Poker,1,book
Lionel Asbo: State of England,1,book
Live Cinema and Its Techniques,1,book
LOSEY ON LOSEY,1,book
Loving,1,book
LOW LIFE,1,book
Lucian Freud,1,book
LUCKY JIM,1,book
m train,1,book
Mad as Hell,1,book
Magic Hours,1,book
MANHATTAN LOVERBOY,1,book
Mao: The Real Story,1,book
Masters of Atlantis,1,book
McTeague,1,book
Men Without Women,1,book
MESOPOTAMIA,1,book
Mexican Manifesto,1,book
Michael Curtiz: A Life in Film,1,book
MIDNIGHT IN PEKING,1,book
Midnight in the Garden of Good and Evil,1,book
Money: An Unauthorized Biography,1,book
Moneyball,1,book
Moneyball,1,book
Moneyball,1,book
MoonGlow,1,book
MRS.,1,book
MUSICOPHILIA,1,book
My Autobiography,1,book
My Brilliant Friend,1,book
My Heart Is An Idiot,1,book
MY LUNCHES WITH ORSON,1,book
MY NAME IS RED,1,book
my struggle: book five,1,book
My Struggle: Book Four,1,book
My Struggle: Book One,1,book
My Struggle: Book Three,1,book
My Struggle: Book Two,1,book
My Struggle: Books 6-9 The End,1,book
NEMESIS,1,book
Never Mind,1,book
No Place To Hide,1,book
NW,1,book
On Saudi Arabia,1,book
On Tyranny,1,book
ONE LAST STRIKE,1,book
ONE SUMMER,1,book
OPEN,1,book
OPERATION MINCEMEAT,1,book
orson welles: hello americans,1,book
orson welles: one man band,1,book
OTTO PREMINGER: THE MAN WHO WOULD BE KING,1,book
Outline,1,book
PABLO PICASSO: The Last Years,1,book
PANICOLOGY,1,book
Party Going,1,book
PEOPLE WHO EAT DARKNESS,1,book
PERSONA: A BIOGRAPHY OF YUKIO MISHIMA,1,book
PICTURES AT A REVOLUTION,1,book
POPULAR CRIME,1,book
Proof: The Science of Booze,1,book
Purity,1,book
PYGMY,1,book
Quicksand,1,book
REMAINDER,1,book
Richard Ayoade Presents The Grip of Film,1,book
Rome,1,book
room service,1,book
Roth Unbound,1,book
Runnin' With The Devil,1,book
SALINGER,1,book
sapiens: a brief history of humankind,1,book
Satin Island,1,book
Saul Bass,1,book
SCORECASTING,1,book
secondhand time,1,book
Seconds,1,book
Secrecy World,1,book
SENSELESSNESS,1,book
SENTIMENTAL EDUCATION,1,book
seven brief lessons in physics,1,book
Shaker,1,book
Signature Kill,1,book
Silent House,1,book
Six Four,1,book
Skin in the Game,1,book
Skippy Dies,1,book
Sleep No More,1,book
"Some Hope, Mother's Milk",1,book
Songs Without Words,1,book
Sorry,1,book
South and West,1,book
Space Odyssey,1,book
SPITALFIELDS LIFE,1,book
STALINGRAD,1,book
Stanley Kubrick and Me,1,book
Steve Jobs,1,book
Stories I Only Tell My Friends,1,book
STRANGE BODIES,1,book
Strangers on a Train,1,book
STRAW; FINDING MY WAY,1,book
Stuff Matters,1,book
Subliminal: How Your Unconscious Mind Rules Your Behavior,1,book
Submission,1,book
SUICIDE CASANOVA,1,book
Summer House with Swimming Pool,1,book
SUPER SAD TRUE LOVE STORY,1,book
"SUPERCOOPERATORS: ALTRUISM, EVOLUTION, AND WHY WE NEED EACH OTHER TO SUCCEED",1,book
swing time,1,book
Tangerine,1,book
Telegraph Avenue,1,book
TELL-ALL,1,book
Tenth of December,1,book
THE ACCIDENTAL BILLIONAIRES,1,book
the art of fielding,1,book
THE ART OF THE NOVEL,1,book
The Ask,1,book
The Assassination of Margaret Thatcher,1,book
THE BEGINNING OF INFINITY,1,book
The Best American Science Writing 2011,1,book
The Big Short,1,book
The Blunderer,1,book
THE BRIEF WONDROUS LIFE OF OSCAR WAO,1,book
THE CATCHER IN THE RYE,1,book
THE CENTER CANNOT HOLD,1,book
THE CHARTERHOUSE OF PARMA,1,book
THE CIRCLE,1,book
The Complete Idiot's Guide to NASCAR,1,book
THE CRUCIBLE,1,book
The Cry of the Owl,1,book
THE CULT OF THE AMATEUR,1,book
THE DINNER,1,book
The Dinner Party,1,book
The Drawing of the Electric Pencil,1,book
The Empty Chair,1,book
The End of the Moment We Had,1,book
THE END OF THE ROAD,1,book
THE FABER HISTORY OF FRENCH FILM,1,book
THE FAILURE,1,book
The Female of the Species,1,book
The Feral Detective,1,book
THE FINANCIAL LIVES OF THE POETS,1,book
The Fixer,1,book
The Flamethrowers,1,book
THE FLIGHT OF THE INTELLECTUALS,1,book
THE FLOATING OPERA,1,book
The Fragments,1,book
THE FUCK-UP,1,book
THE FUN PARTS,1,book
The Getaway Car,1,book
The GFE Novelization,1,book
The Goldfinch,1,book
The Great Degeneration,1,book
The High Window,1,book
THE HUNDRETH BROTHER,1,book
The Hunger Games,1,book
THE IMPERFECTIONISTS,1,book
The Incendiaries,1,book
THE INFORMATION,1,book
The Informer,1,book
The Informers,1,book
THE INSTRUCTIONS,1,book
The Italian Teacher,1,book
The John Lennon Letters,1,book
THE JOURNALS OF SPALDING GRAY,1,book
the killing of osama bin laden,1,book
the kind worth killing,1,book
THE KING'S ENGLISH,1,book
THE LACUNA,1,book
The Lady in the Lake,1,book
The Last Magazine,1,book
the little red chairs,1,book
The Little Sister,1,book
The Los Angeles Diaries,1,book
the lost time accidents,1,book
The Loved One,1,book
The Magic Christian,1,book
The Making of Stanley Kubrick's 2001: A Space Odyssey,1,book
THE MAN FROM U.N.C.L.E. BOOK,1,book
THE MAN WHO SEDUCED HOLLYWOOD,1,book
The Map and the Territory,1,book
The Mark and the Void,1,book
THE MARRIAGE PLOT,1,book
"THE MEN WHO WOULD BE KING, Nicole Laporte",1,book
The Misfortune of Marion Palm,1,book
The Mistletoe Murders and Other Stories,1,book
The Monk of Mohka,1,book
The Moonstone,1,book
the mothers,1,book
The Nine Emotional Lives of Cats,1,book
THE OLD DEVILS,1,book
The Perfect Nanny,1,book
the pigeon tunnel,1,book
the portable veblen,1,book
The Power Broker: Robert Moses and the Fall of New York,1,book
The Power of Noticing,1,book
THE PREGNANT WIDOW,1,book
The Price of Salt,1,book
The Price of the Ticket,1,book
"THE QUEST: ENERGY, SECURITY, AND THE REMAIKING OF THE MODERN WORLD",1,book
THE RACE CARD,1,book
The Red-Haired Woman,1,book
The Revolt of the Black Athlete,1,book
THE RIDICULOUS RACE,1,book
The Rise and Fall of Great Powers,1,book
the road to little dribbling,1,book
The Romanovs,1,book
The Romanovs: The Final Chapter,1,book
The Rule of Nobody,1,book
The Rules of Attraction,1,book
THE SECRET HISTORY,1,book
the sellout,1,book
THE SENSE OF AN ENDING,1,book
The Signal and the Noise,1,book
The Silence of Animals,1,book
THE SIZE OF THOUGHTS,1,book
THE SKIES BELONG TO US,1,book
The Skull Beneath the Skin,1,book
The Sky is Falling,1,book
The Soul of the Marionette,1,book
The Spoiler,1,book
The Staying Guests,1,book
The Story of a New Name,1,book
The Story of the Lost Child,1,book
The Strange Library,1,book
The Sugar-Frosted Nutsack,1,book
The Talented Miss Highsmith,1,book
THE TELL-TALE BRAIN,1,book
The Thirty-Six Dramatic Situations,1,book
THE THOUSAND AUTUMNS OF JACOB DE ZOET,1,book
the undoing project,1,book
the view from the cheap seats,1,book
THE WAY OF THE KNIFE,1,book
The Witch Elm,1,book
The Zone of Interest,1,book
Thieves of State,1,book
THINGS I DIDN'T KNOW,1,book
Think Like a Freak,1,book
"THINKING, FAST AND SLOW",1,book
THIS IS HOW YOU LOSE HER,1,book
THIS IS WATER,1,book
This Is Your Brain on Music,1,book
THOMAS JEFFERSON'S CREME BRULEE,1,book
Those Who Leave and Those Who Stay,1,book
throwing rocks at the google bus,1,book
Ties,1,book
TIRZA,1,book
To Rise Again At A Decent Hour,1,book
Tragically I Was An Only Twin; The Complete Peter Cook,1,book
Transcription,1,book
Transit,1,book
Trick Baby,1,book
True Believers,1,book
TURN OF MIND,1,book
TYRANT MEMORY,1,book
UNDER THE BANNER OF HEAVEN,1,book
Underbug: An Obsessive Tale of Termites and Technology,1,book
Unfaithful Music and Disappearing Ink,1,book
UNLUBRICATED,1,book
VERNON GOD LITTLE,1,book
VOX,1,book
Want Not,1,book
War on Peace: The End of Diplomacy and the Decline of American Influence,1,book
WAS CLARA SCHUMANN A FAG HAG?,1,book
WE ARE ALL COMPLETELY BESIDE OURSELVES,1,book
We May Be Forgiven,1,book
We Were Eight Years in Power,1,book
What Black People Should Do Now,1,book
What Every Body is Saying,1,book
What Makes Sammy Run,1,book
Whatever,1,book
WHATEVER HAPPENED TO COOPERSTOWN,1,book
When Einstein Walked With Godel,1,book
When Prophecy Fails,1,book
When to Rob a Bank,1,book
WHERE GOOD IDEAS COME FROM; THE NATURAL HISTORY OF INNOVATION,1,book
WHERE THE DEAD LAY,1,book
Whiplash: How To Survive Our Faster Future,1,book
Who Is Rich?,1,book
WHO'S AFTRAID OF POST-BLACKNESS?,1,book
Why Black People Tend to Shout,1,book
Why Does The World Exist?,1,book
Wolf Hall,1,book
Your Dad Stole My Rake,1,book
YOUR TICKET IS NO LONGER VALID,1,book
Yours in Haste and Adoration: The Selected Letters of Terry Southern,1,book
zero k,1,book
Zona,1,book
Haywire,2,movie
Haywire,2,movie
Logan Lucky,2,movie
Side Effects,2,movie
...But Film is My Mistress,1,movie
10 Cloverfield Lane,1,movie
10 Rillington Place,1,movie
11 Harrowhouse,1,movie
12 Angry Men,1,movie
1941,1,movie
1941,1,movie
1941,1,movie
2001: A Space Odyssey,1,movie
2001: A Space Odyssey,1,movie
2001: A Space Odyssey,1,movie
2001: A Space Odyssey,1,movie
2001: A Space Odyssey,1,movie
2001: A Space Odyssey,1,movie
2001: A Space Odyssey,1,movie
2001: A Space Odyssey,1,movie
2001: A SPACE ODYSSEY,1,movie
2001: A SPACE ODYSSEY,1,movie
2001: A SPACE ODYSSEY,1,movie
21 Jump Street,1,movie
30X30: Four Days In September,1,movie
45 Years,1,movie
47 Ronin,1,movie
47 Ronin,1,movie
99 Homes,1,movie
A Bigger Splash,1,movie
A Bridge Too Far,1,movie
A Cure for Wellness,1,movie
A Dangerous Method,1,movie
A FANTASTIC WOMAN,1,movie
A Funny Thing Happened on the Way to the Forum,1,movie
A Hard Day's Night,1,movie
A KIND OF LOVING,1,movie
A LIFE OF OHARU,1,movie
A MATTER OF LIFE AND DEATH,1,movie
A MOST VIOLENT YEAR,1,movie
A NEW LEAF,1,movie
A PERFECT MURDER,1,movie
A PROPHET,1,movie
a salesman,1,movie
A SERIOUS MAN,1,movie
a serious man,1,movie
A STAR IS BORN,1,movie
A Walk Among the Tombstones,1,movie
A Walk Among the Tombstones,1,movie
A Walk Among the Tombstones,1,movie
A Walk Among the Tombstones,1,movie
A Walk Among the Tombstones,1,movie
A.K.,1,movie
absence of malice,1,movie
Advise & Consent,1,movie
Advise & Consent,1,movie
ADVISE AND CONSENT,1,movie
AFTER HOURS,1,movie
Agatha,1,movie
Agatha,1,movie
AIRPLANE!,1,movie
AIRPORT,1,movie
Airport '77,1,movie
Airport 1975,1,movie
Alien,1,movie
Alien,1,movie
Alien,1,movie
Alien,1,movie
Alien: Covenant,1,movie
All About Eve,1,movie
All About Eve,1,movie
All About Eve,1,movie
All About Eve,1,movie
All About Eve,1,movie
ALL ABOUT EVE,1,movie
ALL ABOUT EVE,1,movie
ALL FALL DOWN,1,movie
ALL IS LOST,1,movie
ALL THE MONEY IN THE WORLD,1,movie
All the President's Men,1,movie
All the President's Men,1,movie
All the President's Men,1,movie
All the President's Men,1,movie
All the President's Men,1,movie
All the President's Men,1,movie
All the President's Men,1,movie
All the President's Men,1,movie
All the President's Men,1,movie
All the President's Men,1,movie
All the President's Men,1,movie
All the President's Men,1,movie
All the President's Men,1,movie
All the President's Men,1,movie
Altered States,1,movie
Altered States,1,movie
AMERICAN ANIMALS,1,movie
American Gigolo,1,movie
American Graffiti,1,movie
American Graffiti,1,movie
American Graffiti,1,movie
American Graffiti,1,movie
AMERICAN HUSTLE,1,movie
AMERICAN MADNESS,1,movie
AMERICAN SNIPER,1,movie
american visa,1,movie
AMOUR,1,movie
AMY,1,movie
AN ENEMY OF THE PEOPLE,1,movie
Anatomy of a Murder,1,movie
Anatomy of a Murder,1,movie
Anatomy of a Murder,1,movie
Anatomy of a Murder,1,movie
Anatomy of a Murder,1,movie
Anatomy of a Murder,1,movie
And Then There Were None,1,movie
ANGEL FACE,1,movie
ANIMAL KINGDOM,1,movie
ANNIHILATION,1,movie
ANOMALISA,1,movie
ANON,1,movie
Antichrist,1,movie
Apocalypse Now,1,movie
Apocalypse Now,1,movie
Apocalypse Now,1,movie
Apocalypse Now,1,movie
Apocalypse Now,1,movie
APOCALYPSE NOW,1,movie
Approaching the Unknown,1,movie
ARGO,1,movie
ARLINGTON ROAD,1,movie
ARMY OF SHADOWS,1,movie
around the world in eighty days,1,movie
arrival,1,movie
ART AND CRAFT,1,movie
AT ETERNITY'S GATE,1,movie
AUTHOR: THE JT LEROY STORY,1,movie
AVENUES,1,movie
BAD DAY AT BLACK ROCK,1,movie
bad day at black rock,1,movie
BAD GRANDPA,1,movie
BARBARELLA,1,movie
Barry Lyndon,1,movie
Barry Lyndon,1,movie
Barry Lyndon,1,movie
Barry Lyndon,1,movie
Barry Lyndon,1,movie
BATHTUBS OVER BROADWAY,1,movie
Battle of the Sexes,1,movie
battles without honor and humanity,1,movie
BEASTS OF NO NATION,1,movie
Beatriz at Dinner,1,movie
Beats,1,movie
BEAUTIFUL CREATURES,1,movie
Becoming Warren Buffett,1,movie
BEFORE MIDNIGHT,1,movie
Behind the Candelabra,1,movie
Behind the Candelabra,1,movie
Behind the Candelabra,1,movie
Behind the Candelabra,1,movie
Behind the Candelabra,1,movie
Behind the Candelabra,1,movie
Behind the Candelabra,1,movie
Behind the Candelabra,1,movie
Behind the Candelabra,1,movie
Behind the Candelabra,1,movie
Behind the Candelabra,1,movie
Behind the Candelabra,1,movie
Behind the Candelabra,1,movie
Behind the Candelabra,1,movie
BEHIND THE WHITE GLASSES,1,movie
Being There,1,movie
Being There,1,movie
Being There,1,movie
BEIRUT,1,movie
Bernie,1,movie
BEWARE MR. BAKER,1,movie
BILLION DOLLAR BRAIN,1,movie
Birdman or (The Unexpected Virtue of Ignorance),1,movie
Bitter Pill,1,movie
Bitter Pill,1,movie
Bitter Pill,1,movie
Bitter Pill,1,movie
Bitter Pill,1,movie
Bitter Pill,1,movie
Bitter Pill,1,movie
Bitter Pill,1,movie
Bitter Pill,1,movie
BLACK '47,1,movie
BLACK SUNDAY,1,movie
BLACK SWAN,1,movie
BLACKKKLANSMAN,1,movie
BLACKOUT,1,movie
Blade Runner,1,movie
BLAZING SADDLES,1,movie
BLOWUP,1,movie
BLUE JASMINE,1,movie
BLUE RUIN,1,movie
BOBBY FISCHER AGAINST THE WORLD,1,movie
BODY HEAT,1,movie
body heat,1,movie
BOMBSHELL: THE HEDY LAMARR STORY,1,movie
Boyhood,1,movie
BRAM STOKER'S DRACULA,1,movie
Branded to Kill,1,movie
Bridesmaids,1,movie
Bridge of Spies,1,movie
BROADCAST NEWS,1,movie
Broadway Danny Rose ,1,movie
BRUNO,1,movie
Bug,1,movie
BULLITT,1,movie
Bullitt,1,movie
BUNNY LAKE IS MISSING,1,movie
BURIED,1,movie
BURN AFTER READING,1,movie
Butch Cassidy and the Sundance Kid,1,movie
BUTCH CASSIDY AND THE SUNDANCE KID,1,movie
By the Sea,1,movie
Cache,1,movie
CALIBRE,1,movie
CALIFORNIA SUITE,1,movie
CALIFORNIA SUITE,1,movie
Call Me by Your Name,1,movie
capricorn one,1,movie
CARMEN JONES,1,movie
Carnal Knowledge,1,movie
Carnal Knowledge,1,movie
Carnal Knowledge,1,movie
Carnal Knowledge,1,movie
Carnal Knowledge,1,movie
Carnal Knowledge,1,movie
CARNAL KNOWLEDGE,1,movie
Carol,1,movie
Casablanca,1,movie
Casablanca,1,movie
Casino Royale,1,movie
Casting By,1,movie
Catch-22,1,movie
Catch-22,1,movie
Catch-22,1,movie
Catch-22,1,movie
Catch-22,1,movie
CATCH-22,1,movie
Catfish,1,movie
Caught,1,movie
Cave of Forgotten Dreams,1,movie
Cedar Rapids,1,movie
Cedar Rapids,1,movie
Chef,1,movie
Children of Men,1,movie
Chimes at Midnight,1,movie
Chimes at Midnight,1,movie
Chinatown,1,movie
Chinatown,1,movie
Chinatown,1,movie
Chinatown,1,movie
Chinatown,1,movie
CHINATOWN,1,movie
Citizen Kane,1,movie
Citizen Kane,1,movie
Citizen Kane,1,movie
Citizen Kane,1,movie
Citizen Kane,1,movie
Citizen Kane,1,movie
Citizen Kane,1,movie
Citizen Kane,1,movie
Citizen Ruth,1,movie
Citizenfour,1,movie
Citizenfour,1,movie
CLEAR HISTORY,1,movie
Close Encounters of the Third Kind,1,movie
Close Encounters of the Third Kind,1,movie
close encounters of the third kind,1,movie
CLOVERFIELD,1,movie
COHERENCE,1,movie
COLD WAR,1,movie
come and see,1,movie
Computer Chess,1,movie
Contagion,1,movie
Contagion,1,movie
Contagion,1,movie
Contagion,1,movie
Contagion,1,movie
Contagion,1,movie
Contagion,1,movie
Contagion,1,movie
Contagion,1,movie
Contagion,1,movie
Contagion,1,movie
Contagion,1,movie
Contagion,1,movie
CORALINE,1,movie
Crazy Love,1,movie
CRAZY RICH ASIANS,1,movie
Creed,1,movie
CRUEL GUN STORY,1,movie
Cul-de-sac,1,movie
DA SWEET BLOOD OF JESUS,1,movie
DAISIES,1,movie
DANCE WITH A STRANGER,1,movie
DARK OF THE SUN,1,movie
Darling,1,movie
DAS BOOT,1,movie
DAYS AND NIGHTS,1,movie
DAYS OF THUNDER,1,movie
DAYS OF WINE OF ROSES,1,movie
DEAD OF NIGHT,1,movie
Deceit at First Sight,1,movie
Deception,1,movie
Deliverance,1,movie
DEMON SEED,1,movie
Diabolique,1,movie
Dial M for Murder,1,movie
DIE HARD WITH VENGEANCE,1,movie
DINER,1,movie
DIRTY HARRY,1,movie
DIRTY WARS,1,movie
DISOBEDIENCE,1,movie
District 9,1,movie
Django Unchained,1,movie
Doctor Zhivago,1,movie
Dog Day Afternoon,1,movie
DOG STAR MAN,1,movie
Don't Look Now,1,movie
Double Indemnity,1,movie
Double Indemnity,1,movie
Double Indemnity,1,movie
Double Indemnity,1,movie
DOUBLE INDEMNITY,1,movie
Downhill Racer,1,movie
Downsizing,1,movie
Dr. No,1,movie
Dr. Strangelove or: How I Learned to Stop Worrying and Love the Bomb,1,movie
Dr. Strangelove or: How I Learned to Stop Worrying and Love the Bomb,1,movie
Dr. Strangelove or: How I Learned to Stop Worrying and Love the Bomb,1,movie
Dr. Strangelove or: How I Learned to Stop Worrying and Love the Bomb,1,movie
Drag Me to Hell,1,movie
Dream House,1,movie
Drive,1,movie
Duel,1,movie
Duel,1,movie
Dune,1,movie
DUNE,1,movie
Dunkirk,1,movie
Duplicity,1,movie
Election,1,movie
Electra Glide in Blue,1,movie
Elgar,1,movie
Elle,1,movie
Elysium,1,movie
END OF THE ROAD,1,movie
ENOUGH SAID,1,movie
ENTER THE VOID,1,movie
equity,1,movie
Eraserhead,1,movie
Eraserhead,1,movie
Europa,1,movie
Europa Report,1,movie
EVE,1,movie
EVERYTHING GOES WRONG,1,movie
"everything is copy: nora ephron, scripted and unscripted",1,movie
EVIL UNDER THE SUN,1,movie
Ex Machina,1,movie
Ex Machina,1,movie
Ex Machina,1,movie
Exit Through the Gift Shop,1,movie
EXODUS,1,movie
EXPERIMENTER,1,movie
Eyes of Laura Mars,1,movie
F FOR FAKE,1,movie
FABERGE: A LIFE OF ITS OWN,1,movie
FAIL-SAFE,1,movie
FAIR GAME,1,movie
fastball,1,movie
Fatal Attraction,1,movie
Fatal Attraction,1,movie
Fatal Attraction,1,movie
Fatal Attraction,1,movie
Fatal Attraction,1,movie
FEAR AND DESIRE,1,movie
fences,1,movie
Fifty Shades Darker,1,movie
FIFTY SHADES OF GREY,1,movie
fight club,1,movie
FILM SOCIALISME,1,movie
FILMWORKER,1,movie
FINDERS KEEPERS,1,movie
FINDING VIVIAN MAIER,1,movie
Five Easy Pieces,1,movie
Five Easy Pieces,1,movie
Five Easy Pieces,1,movie
FLAMINGO ROAD,1,movie
FLIGHT,1,movie
FLIRTING WITH DISASTER,1,movie
Forbidden Planet,1,movie
FORBIDDEN PLANET,1,movie
Force Majeure,1,movie
Foreign Correspondent,1,movie
Foreign Correspondent,1,movie
FOX AND HIS FRIENDS,1,movie
Foxcatcher,1,movie
Freedom for the Wolf,1,movie
Frenzy,1,movie
Frenzy,1,movie
From Russia with Love,1,movie
From Russia with Love,1,movie
Frozen River,1,movie
Funeral in Berlin,1,movie
Funeral in Berlin,1,movie
Funeral in Berlin,1,movie
Funeral in Berlin,1,movie
Fury,1,movie
GAGA: FIVE FOOT TWO,1,movie
GASLIGHT,1,movie
GATE OF HELL,1,movie
GATTACA,1,movie
Gattaca,1,movie
GAUDI'S MESSAGE,1,movie
Get Out,1,movie
GET SHORTY,1,movie
GLENGARRY GLEN ROSS,1,movie
God's Pocket,1,movie
Going Clear: Scientology and the Prison of Belief,1,movie
Gold,1,movie
Goldfinger,1,movie
Goldfinger,1,movie
GOMORRAH,1,movie
Gone Girl,1,movie
Gone Girl,1,movie
GONE GIRL,1,movie
Good Time,1,movie
Goodnight Mommy,1,movie
Gosford Park,1,movie
Gosford Park,1,movie
GRADUATION,1,movie
Grand Prix,1,movie
Grand Prix,1,movie
Gravity,1,movie
Gravity,1,movie
Green for Danger,1,movie
Green Room,1,movie
Greetings from Tim Buckley,1,movie
"Hail, Caesar!",1,movie
Hanna,1,movie
HAPPY AS LAZZARO,1,movie
Happy End,1,movie
Harper,1,movie
HARPER,1,movie
Haywire,1,movie
Haywire,1,movie
Haywire,1,movie
Haywire,1,movie
Haywire,1,movie
Haywire,1,movie
Haywire,1,movie
Haywire,1,movie
Haywire,1,movie
Haywire,1,movie
Haywire,1,movie
Haywire,1,movie
Haywire,1,movie
Haywire,1,movie
Haywire,1,movie
Heat,1,movie
Heat,1,movie
Help!,1,movie
Help!,1,movie
Help!,1,movie
Her,1,movie
HEREDITARY,1,movie
High and Low,1,movie
High and Low,1,movie
HIGH FLYING BIRD,1,movie
HIGH FLYING BIRD,1,movie
HIGH FLYING BIRD,1,movie
HIGH FLYING BIRD,1,movie
High Risk,1,movie
His Girl Friday,1,movie
His Girl Friday,1,movie
HIS WAY,1,movie
Hitchcock/Truffaut,1,movie
Holy Hell,1,movie
Hombre,1,movie
"HOME, JAMES",1,movie
Honeymoon,1,movie
HOT COFFEE,1,movie
House of Games,1,movie
House of Games,1,movie
House of Z,1,movie
HyperNormalisation,1,movie
I Am Not Your Negro,1,movie
I CONFESS,1,movie
I Don't Feel at Home in This World Anymore,1,movie
I Know Where I'm Going!,1,movie
"I Love You, Daddy",1,movie
I SMILE BACK,1,movie
I Spit on Your Grave,1,movie
"i, daniel blake",1,movie
"I, Tonya",1,movie
I'M STILL HERE,1,movie
Icarus,1,movie
ICE CASTLES,1,movie
IDA,1,movie
IDIOCRACY,1,movie
IF BEALE STREET COULD TALK,1,movie
Ikiru,1,movie
IL DIVO,1,movie
IN A LONELY PLACE,1,movie
In Cold Blood,1,movie
In Cold Blood,1,movie
In Cold Blood,1,movie
In Order of Disappearance,1,movie
In the Loop,1,movie
In the Loop,1,movie
In Time,1,movie
Inception,1,movie
Inherent Vice,1,movie
INSIDE JOB,1,movie
INSIDE LLEWYN DAVIS,1,movie
INSIDIOUS,1,movie
Interiors,1,movie
INTERSTELLAR,1,movie
INVASION OF THE BODY SNATCHERS,1,movie
ISADORA DUNCAN: THE BIGGEST DANCER IN THE WORLD,1,movie
ISLAND OF LOST SOULS,1,movie
"IT'S A MAD, MAD, MAD, MAD WORLD",1,movie
ivan's childhood,1,movie
Izumi,1,movie
J. EDGAR,1,movie
JACKIE BROWN,1,movie
JAGGED EDGE,1,movie
JAMES BALDWIN: THE PRICE OF THE TICKET,1,movie
JANE EYRE,1,movie
Jaws,1,movie
Jaws,1,movie
Jaws,1,movie
Jaws,1,movie
Jaws,1,movie
Jaws,1,movie
Jaws,1,movie
Jaws,1,movie
Jaws,1,movie
Jaws,1,movie
Jaws,1,movie
JAWS,1,movie
JAWS,1,movie
Jaws,1,movie
"JE T'AIME, JE T'AIME",1,movie
JIMI PLAYS MONTEREY,1,movie
JIMI: ALL IS BY MY SIDE,1,movie
Joan Didion: The Center Will Not Hold,1,movie
JOAN RIVERS: A PIECE OF WORK,1,movie
John Carpenter's The Thing,1,movie
JOURNEY INTO FEAR,1,movie
JUGGERNAUT,1,movie
juggernaut,1,movie
julieta,1,movie
JURASSIC PARK,1,movie
Keeping Up with the Joneses,1,movie
KEY LARGO,1,movie
KID AUTO RACES IN VENICE,1,movie
KILLING KASZTNER,1,movie
KILLING THEM SOFTLY,1,movie
King and Country,1,movie
KING KONG,1,movie
KING OF HERRINGS,1,movie
KINGPIN,1,movie
Klute,1,movie
Klute,1,movie
Klute,1,movie
Klute,1,movie
KNIFE IN THE WATER,1,movie
KNUCKLEBALL!,1,movie
KOYAANISQATSI,1,movie
L'Argent,1,movie
L'AVVENTURA,1,movie
L'Eclisse,1,movie
L'PETIT QUINQUIN,1,movie
Lady Bird,1,movie
LADY MACBETH,1,movie
last man home,1,movie
LAST TANGO IN PARIS,1,movie
LAST YEAR AT MARIENBAD,1,movie
last year at marienbad,1,movie
LAST YEAR AT MARIENBAD,1,movie
LAURA,1,movie
LAWRENCE OF ARABIA,1,movie
LAWRENCE OF ARABIA,1,movie
le mans,1,movie
LE SAMOURAI,1,movie
LES DAMES DU BOIS DE BOLOGNE,1,movie
LET THE RIGHT ONE IN,1,movie
let there be light,1,movie
LETTER NEVER SENT,1,movie
LEVIATHAN,1,movie
LIFE OF PI,1,movie
LIFEBOAT,1,movie
LIMITLESS,1,movie
LISTEN TO ME MARLON,1,movie
"Lock, Stock and Two Smoking Barrels",1,movie
Logan Lucky,1,movie
Logan Lucky,1,movie
Logan Lucky,1,movie
Logan Lucky,1,movie
Logan Lucky,1,movie
Logan Lucky,1,movie
Logan Lucky,1,movie
Logan Lucky,1,movie
Logan Lucky,1,movie
Logan Lucky,1,movie
Logan Lucky,1,movie
Logan Lucky,1,movie
Logan Lucky,1,movie
LOGAN'S RUN,1,movie
LOLITA,1,movie
Long Shot,1,movie
LOOPER,1,movie
Los Olvidados,1,movie
LOVE & FRIENDSHIP,1,movie
LOVE ACTUALLY,1,movie
LOVE AND DEATH,1,movie
LOVELESS,1,movie
Lured,1,movie
M,1,movie
Mad Max: Fury Road,1,movie
Mad Max: Fury Road,1,movie
Mad Max: Fury Road,1,movie
Mad Max: Fury Road,1,movie
MADE IN USA,1,movie
MADE MEN,1,movie
MADEMOISELLE,1,movie
Magic Mike,1,movie
Magic Mike,1,movie
Magic Mike,1,movie
Magic Mike,1,movie
Magic Mike,1,movie
Magic Mike,1,movie
Magic Mike,1,movie
Magic Mike,1,movie
Magic Mike,1,movie
Magic Mike,1,movie
Magic Mike,1,movie
Magic Mike,1,movie
Magic Mike XXL,1,movie
Magic Mike XXL,1,movie
Magic Mike XXL,1,movie
Magic Mike XXL,1,movie
Magic Mike XXL,1,movie
Magic Mike XXL,1,movie
Magic Mike XXL,1,movie
Magic Mike XXL,1,movie
magnus,1,movie
MALICE,1,movie
malice,1,movie
MAN OF STEEL,1,movie
MAN ON WIRE,1,movie
manchester by the sea,1,movie
MANDY,1,movie
Manhattan,1,movie
Manhattan,1,movie
MANHATTAN MURDER MYSTERY,1,movie
MARAT/SADE,1,movie
MARATHON MAN,1,movie
Margin Call,1,movie
Margin Call,1,movie
marjorie prime,1,movie
MARNIE,1,movie
MARTHA MARCY MAY MARLENE,1,movie
MARWENCOL,1,movie
Matango,1,movie
Matango,1,movie
MCCABE & MRS. MILLER,1,movie
MELANCHOLIA,1,movie
Memento,1,movie
Michael Clayton,1,movie
Michael Clayton,1,movie
MIDNIGHT EXPRESS,1,movie
MIDNIGHT IN PARIS,1,movie
midnight special,1,movie
Mikey and Nicky,1,movie
MILDRED PIERCE,1,movie
miles ahead,1,movie
MILLER'S CROSSING,1,movie
MINORITY REPORT,1,movie
MINORITY REPORT,1,movie
MIRAGE,1,movie
Mirage,1,movie
MISSION IMPOSSIBLE: FALLOUT,1,movie
Mission: Impossible,1,movie
Mission: Impossible,1,movie
MISSION: IMPOSSIBLE GHOST PROTOCOL,1,movie
MISSISSIPPI MERMAID,1,movie
Modern Romance,1,movie
MODESTY BLAISE,1,movie
Mon oncle d'Am√©rique,1,movie
MONA LISA IS MISSING,1,movie
money monster,1,movie
MONTEREY POP,1,movie
Moon,1,movie
moonlight,1,movie
MOONRISE KINGDOM,1,movie
Mother!,1,movie
Mouchette,1,movie
MR. KNEFF,1,movie
Murder on the Orient Express,1,movie
Murder on the Orient Express,1,movie
Murder on the Orient Express,1,movie
"Muriel, or the Time of a Return",1,movie
MY BROTHER IS A SERIAL KILLER,1,movie
MY MAN GODFREY,1,movie
MY WEEK WITH MARILYN,1,movie
NANCY,1,movie
NASHVILLE,1,movie
NETWORK,1,movie
"NEW YORK, NEW YORK",1,movie
NEXT STOP GREENWICH VILLAGE,1,movie
NICHOLAS AND ALEXANDRA,1,movie
NIGHT MOVES,1,movie
NIGHT OF THE LIVING DEAD,1,movie
NIGHT TRAIN TO MUNICH,1,movie
NIGHTCRAWLER,1,movie
NO STONE UNTURNED,1,movie
NO WAY OUT,1,movie
NOKAS,1,movie
NON-STOP,1,movie
NORTH BY NORTHWEST,1,movie
NOT FADE AWAY,1,movie
NOTORIOUS,1,movie
O.G.,1,movie
OBLIVION,1,movie
Ocean's 8,1,movie
Ocean's 8,1,movie
Ocean's 8,1,movie
Ocean's 8,1,movie
Ocean's 8,1,movie
Ocean's 8,1,movie
Ocean's 8,1,movie
Ocean's 8,1,movie
Ocean's 8,1,movie
OCEAN'S EIGHT,1,movie
OCEAN'S EIGHT,1,movie
OCEAN'S EIGHT,1,movie
ODD MAN OUT,1,movie
ODDS AGAINST TOMORROW,1,movie
Olympia Part One: Festival of the Nations,1,movie
Olympia: Part Two- Festival of Beauty,1,movie
On Her Majesty's Secret Service,1,movie
On Her Majesty's Secret Service,1,movie
On Her Majesty's Secret Service,1,movie
ON THE BEACH,1,movie
One Day in the Life of Andrei Arsenevich,1,movie
one flew over the cuckoo's nest,1,movie
OPERATION ODESSA,1,movie
ORPHAN,1,movie
OTHELLO,1,movie
OUR MAN IN HAVANA,1,movie
OUR MAN IN HAVANA,1,movie
OUT OF THE PAST,1,movie
OUT OF THE PAST,1,movie
Pale Flower,1,movie
Pale Flower,1,movie
Panic Room,1,movie
Panic Room,1,movie
Panic Room,1,movie
Panic Room,1,movie
Panic Room,1,movie
Panic Room,1,movie
Panic Room,1,movie
Panic Room,1,movie
PANIC ROOM,1,movie
PANIC ROOM,1,movie
Paper Moon,1,movie
Paper Moon,1,movie
PAPILLON,1,movie
Paranormal Activity 2,1,movie
Paranormal Activity 3,1,movie
Paranormal Activity 4,1,movie
particle fever,1,movie
PASSAGE TO MARSEILLE,1,movie
Passengers,1,movie
Paths of Glory,1,movie
PATHS OF GLORY,1,movie
Patton,1,movie
Paul,1,movie
Pee-wee's Big Holiday,1,movie
PENNIES FROM HEAVEN,1,movie
Perfect,1,movie
PERSONA,1,movie
PETULIA,1,movie
PETULIA,1,movie
Phantom Thread,1,movie
PHIL SPECTOR,1,movie
PIONER,1,movie
"PLAY IT AGAIN, SAM",1,movie
PLAZA SUITE,1,movie
PLEASE GIVE,1,movie
Point Blank,1,movie
Point Blank,1,movie
POLTERGEIST,1,movie
PORTRAIT OF JASON,1,movie
POSTCARDS FROM THE EDGE,1,movie
POWAQQATSI,1,movie
PREDATORS,1,movie
PREMIUM RUSH,1,movie
Presumed Innocent,1,movie
Presumed Innocent,1,movie
Presumed Innocent,1,movie
Prevenge,1,movie
PRIMER,1,movie
PRINCE OF THE CITY,1,movie
PROMETHEUS,1,movie
Promised Land,1,movie
Promised Land,1,movie
PROPHET'S PREY,1,movie
PROXY,1,movie
PSYCHO,1,movie
PSYCHO,1,movie
PUBLIC ENEMIES,1,movie
PULP FICTION,1,movie
QUANTUM OF SOLACE,1,movie
QUEEN OF EARTH,1,movie
RADIOMAN,1,movie
Raiders of the Lost Ark,1,movie
Raiders of the Lost Ark,1,movie
Raiders of the Lost Ark,1,movie
Raiders of the Lost Ark,1,movie
Raiders of the Lost Ark,1,movie
Raiders of the Lost Ark,1,movie
Raiders of the Lost Ark,1,movie
RAMPART,1,movie
READY PLAYER ONE,1,movie
READY PLAYER ONE,1,movie
Rear Window,1,movie
Rebecca,1,movie
Rebecca,1,movie
Rebecca,1,movie
RED DESERT,1,movie
RED EYE,1,movie
Reds,1,movie
Reds,1,movie
Reggie Watts: Spatial,1,movie
REPORT TO THE COMMISSIONER,1,movie
Repulsion,1,movie
Repulsion,1,movie
Repulsion,1,movie
Repulsion,1,movie
REVENGE,1,movie
RIFFIFI,1,movie
Rififi,1,movie
Rififi,1,movie
Risk,1,movie
RISKY BUSINESS,1,movie
ROB THE MOB,1,movie
ROBBER,1,movie
ROBBERY,1,movie
ROCKNROLLA,1,movie
RODEO (shorts by Carroll Ballard),1,movie
rogue one: a star wars story,1,movie
ROMA,1,movie
"Roman J. Israel, Esq.",1,movie
ROMAN POLANSKI: ODD MAN OUT,1,movie
ROOM,1,movie
room at the top,1,movie
RUNAWAY JURY,1,movie
Ryan's Daughter,1,movie
Ryan's Daughter,1,movie
Ryan's Daughter,1,movie
Ryan's Daughter,1,movie
SABOTEUR,1,movie
SALT,1,movie
SAMSARA,1,movie
san pietro,1,movie
SANJO THE BAILIFF,1,movie
SATURDAY NIGHT FEVER,1,movie
SCARFACE,1,movie
SCARLETT STREET,1,movie
SCROOGE,1,movie
Se7en,1,movie
Se7en,1,movie
Se7en,1,movie
Se7en,1,movie
SEANCE ON A WET AFTERNOON,1,movie
SEANCE ON A WET AFTERNOON,1,movie
SEARCHING,1,movie
SEARCHING FOR SUGAR MAN,1,movie
Seconds,1,movie
Selma,1,movie
SENNA,1,movie
SERENA,1,movie
SEVEN BEAUTIES,1,movie
SEVEN DAYS IN MAY,1,movie
Seven Days in May,1,movie
SEVEN DAYS IN MAY,1,movie
Sexy Beast,1,movie
Sexy Beast,1,movie
Sexy Beast,1,movie
Sexy Beast,1,movie
Sexy Beast,1,movie
Sexy Beast,1,movie
Sexy Beast,1,movie
Shadow of a Doubt,1,movie
Shadow of a Doubt,1,movie
SHAME,1,movie
SHAME,1,movie
SHAMPOO,1,movie
SHANGHAI EXPRESS,1,movie
SHE'S LOST CONTROL,1,movie
Sheitan,1,movie
SHIRKERS,1,movie
SHOCKPROOF,1,movie
Side Effects,1,movie
Side Effects,1,movie
Side Effects,1,movie
Side Effects,1,movie
Side Effects,1,movie
Side Effects,1,movie
Side Effects,1,movie
Side Effects,1,movie
Side Effects,1,movie
Side Effects,1,movie
Side Effects,1,movie
Side Effects,1,movie
Side Effects,1,movie
Side Effects,1,movie
Side Effects,1,movie
SILVER LININGS PLAYBOOK,1,movie
sin city: a dame to kill for,1,movie
SINGIN' IN THE RAIN,1,movie
Sisters,1,movie
Sisters,1,movie
Skyfall,1,movie
Skyfall,1,movie
Slap Shot,1,movie
Slaughterhouse-Five,1,movie
Sleuth,1,movie
Sleuth,1,movie
SLITHER,1,movie
Smash His Camera,1,movie
SNABBA CASH,1,movie
Soapdish,1,movie
Solitary Man,1,movie
Solitary Man,1,movie
SOMEWHERE,1,movie
SON OF SAUL,1,movie
SONG OF SUMMER,1,movie
Song to Song,1,movie
Sorcerer,1,movie
Sorcerer,1,movie
Sorcerer,1,movie
Sorcerer,1,movie
Sour Grapes,1,movie
Spartacus,1,movie
Spectre,1,movie
Spielberg,1,movie
SPLICE,1,movie
Split,1,movie
SPOTLIGHT,1,movie
SPRING BREAKERS,1,movie
STAGE FRIGHT,1,movie
STALAG 17,1,movie
STALKER,1,movie
Star Wars: The Force Awakens,1,movie
Star Wars: The Last Jedi,1,movie
STARDUST MEMORIES,1,movie
State and Main,1,movie
State and Main,1,movie
State and Main,1,movie
STAY HUNGRY,1,movie
Steve Jobs,1,movie
Steve Jobs: The Man in the Machine,1,movie
Steve McQueen: The Man & Le Mans,1,movie
STORY OF A PROSTITUTE,1,movie
STRANGERS ON A TRAIN,1,movie
STRANGERS WHEN WE MEET,1,movie
SUBURBICON,1,movie
SUN DON'T SHINE,1,movie
Sunset Boulevard,1,movie
Sunset Boulevard,1,movie
Sunset Boulevard,1,movie
Sunset Boulevard,1,movie
Sunset Boulevard,1,movie
Sunset Boulevard,1,movie
Sunset Boulevard,1,movie
Sunset Boulevard,1,movie
Sunset Boulevard,1,movie
suture,1,movie
Sweet Smell of Success,1,movie
Sweet Smell of Success,1,movie
Sweet Smell of Success,1,movie
Sweet Smell of Success,1,movie
Sweet Smell of Success,1,movie
Sweet Smell of Success,1,movie
SWEPT AWAY,1,movie
Swimming to Cambodia,1,movie
T2 Trainspotting,1,movie
TABLOID,1,movie
TAKE AWAY ONE,1,movie
TAKE SHELTER,1,movie
TAKEN,1,movie
TANGERINE,1,movie
TAXI DRIVER,1,movie
TEA WITH THE DAMES,1,movie
TEN LITTLE INDIANS,1,movie
THE _______ REPORT,1,movie
THE _______ REPORT,1,movie
THE _______ REPORT,1,movie
THE _______ REPORT,1,movie
THE _______ REPORT,1,movie
THE _______ REPORT,1,movie
THE _______ REPORT,1,movie
"THE 5,000 FINGERS OF DR. T",1,movie
THE AMERICAN FRIEND,1,movie
THE AMERICANIZATION OF EMILY,1,movie
THE ANDERSON TAPES,1,movie
The Andromeda Strain,1,movie
The Andromeda Strain,1,movie
THE ANDROMEDA STRAIN,1,movie
THE APARTMENT,1,movie
THE APARTMENT,1,movie
THE ARMSTRONG LIE,1,movie
THE ARRANGEMENT,1,movie
THE ARTIST,1,movie
THE ASCENT OF MONEY,1,movie
The Asphalt Jungle,1,movie
The Asphalt Jungle,1,movie
THE ASPHALT JUNGLE,1,movie
THE BAD AND THE BEAUTIFUL,1,movie
the bad sleep well,1,movie
THE BADADOOK,1,movie
THE BATTLE OF MIDWAY,1,movie
The Big Clock,1,movie
The Big Short,1,movie
The Big Sleep,1,movie
The Big Sleep,1,movie
The Birdcage,1,movie
The Birds,1,movie
The Birds,1,movie
The Birth of a Nation,1,movie
The Birthday Party,1,movie
The Bling Ring,1,movie
THE BOURNE LEGACY,1,movie
The Boy Friend,1,movie
The Boy Friend,1,movie
THE BREAKING POINT,1,movie
THE BRIDE WORE BLACK,1,movie
THE BROKEN,1,movie
The Bronze,1,movie
THE BROTHERS BLOOM,1,movie
The Brothers Grimsby,1,movie
THE CANDIDATE,1,movie
THE CANDIDATE,1,movie
THE CANYONS,1,movie
THE CHARGE OF THE LIGHT BRIGADE,1,movie
THE CHILDREN ACT,1,movie
THE CHILDREN'S HOUR,1,movie
THE COLLECTOR,1,movie
The Comeback,1,movie
The Concorde... Airport '79,1,movie
The Conformist,1,movie
The Conformist,1,movie
The Conformist,1,movie
The Conformist,1,movie
The Conversation,1,movie
The Conversation,1,movie
The Conversation,1,movie
THE COUNSELOR,1,movie
THE CRANES ARE FLYING,1,movie
THE CRAWLING EYE,1,movie
THE CREEPING TERROR,1,movie
THE CURIOUS CASE OF CURT FLOOD,1,movie
THE DARK KNIGHT RISES,1,movie
The Day of the Jackal,1,movie
The Day of the Jackal,1,movie
The Day of the Jackal,1,movie
The Day of the Jackal,1,movie
The Day of the Jackal,1,movie
The Day of the Jackal,1,movie
The Day of the Jackal,1,movie
The Day of the Jackal,1,movie
The Day of the Jackal,1,movie
THE DAY OF THE JACKAL,1,movie
THE DAY OF THE JACKAL,1,movie
THE DEADLY AFFAIR,1,movie
THE DEBUSSY FILM,1,movie
THE DESCENDANTS,1,movie
THE DEVIL IS A WOMAN,1,movie
THE DEVILS,1,movie
THE DIRTY DOZEN,1,movie
The Discreet Charm of the Bourgeoisie,1,movie
THE DRIVER,1,movie
THE DROWNING POOL,1,movie
The Duellists,1,movie
THE EARRINGS OF MADAME DE...,1,movie
THE ELEMENT OF CRIME,1,movie
The Elephant Man,1,movie
The Elephant Man,1,movie
THE EMPEROR'S NAKED ARMY MARCHES ON,1,movie
THE EMPIRE STRIKES BACK,1,movie
THE ENTERTAINER,1,movie
The Exorcist,1,movie
The Face of Another,1,movie
THE FAVOURITE,1,movie
THE FIGHTER,1,movie
THE FIREMAN'S BALL,1,movie
THE FLAT,1,movie
The Florida Project,1,movie
The Fortune,1,movie
The Fortune,1,movie
THE FORTUNE COOKIE,1,movie
The Founder,1,movie
THE FOUNTAINHEAD,1,movie
THE FREE STATE OF JONES,1,movie
The French Connection,1,movie
The French Connection,1,movie
The French Connection,1,movie
The French Connection,1,movie
The French Lieutenant's Woman,1,movie
The French Lieutenant's Woman,1,movie
THE FUGITIVE KIND,1,movie
THE GALAPAGOS AFFAIR: WHEN SATAN CAME TO EDEN,1,movie
The Game,1,movie
The Game,1,movie
The Game,1,movie
The Game,1,movie
THE GETAWAY,1,movie
The Girl,1,movie
The Girl with the Dragon Tattoo,1,movie
The Girl with the Dragon Tattoo,1,movie
The Girl with the Dragon Tattoo,1,movie
The Girlfriend Experience,1,movie
The Girlfriend Experience,1,movie
The Girlfriend Experience,1,movie
The Go-Between,1,movie
The Godfather,1,movie
The Godfather,1,movie
The Godfather,1,movie
The Godfather,1,movie
THE GODFATHER,1,movie
The Godfather Part II,1,movie
The Godfather Part II,1,movie
The Godfather Part II,1,movie
THE GOODBYE GIRL,1,movie
THE GOODBYE GIRL,1,movie
THE GOODBYE GIRL,1,movie
The Graduate,1,movie
The Graduate,1,movie
The Graduate,1,movie
The Graduate,1,movie
THE GRAND,1,movie
THE GRAPES OF WRATH,1,movie
THE GREAT BEAUTY,1,movie
The Handmaiden,1,movie
THE HANGOVER,1,movie
The Hateful Eight,1,movie
The Hateful Eight,1,movie
The Haunting,1,movie
The Haunting,1,movie
The Haunting,1,movie
THE HEADLESS WOMAN,1,movie
THE HILL,1,movie
The Hills Have Eyes,1,movie
THE HIT,1,movie
THE HOSPITAL,1,movie
The Hot Rock,1,movie
The Hot Rock,1,movie
The Hot Rock,1,movie
The Hot Rock,1,movie
The Hot Rock,1,movie
The Hunger Games,1,movie
The Hunger Games,1,movie
The Hunt for Red October,1,movie
The Hunt for Red October,1,movie
THE HURT LOCKER,1,movie
THE HUSTLER,1,movie
THE HUSTLER,1,movie
The Ides of March,1,movie
The Ides of March,1,movie
THE IMMIGRANT,1,movie
The Immortal Story,1,movie
THE IMPOSSIBLE,1,movie
THE INCREDIBLES 2,1,movie
The Informant!,1,movie
The Informant!,1,movie
The Informant!,1,movie
The Informant!,1,movie
THE INHERITANCE,1,movie
The Insult,1,movie
THE INTERVIEW,1,movie
The Ipcress File,1,movie
The Ipcress File,1,movie
The Ipcress File,1,movie
THE KEY,1,movie
The Killing,1,movie
The Killing,1,movie
The Killing,1,movie
The Killing,1,movie
THE KILLING OF SISTER GEORGE,1,movie
The King,1,movie
THE KING OF KONG,1,movie
The King of Marvin Gardens,1,movie
The King of Marvin Gardens,1,movie
The Knack ...and How to Get It,1,movie
The Knack ...and How to Get It,1,movie
THE KNACK...AND HOW TO GET IT,1,movie
THE KREMLIN LETTER,1,movie
THE L-SHAPED ROOM,1,movie
THE LADY FROM SHANGHAI,1,movie
THE LADYKILLERS,1,movie
THE LAND OF STEADY HABITS,1,movie
THE LANDLORD,1,movie
the last american hero,1,movie
THE LAST DETAIL,1,movie
THE LAST FIVE YEARS,1,movie
THE LAST PICTURE SHOW,1,movie
THE LAST RUN,1,movie
THE LAUNDROMAT,1,movie
THE LAUNDROMAT,1,movie
The Lavender Hill Mob,1,movie
The Lavender Hill Mob,1,movie
THE LEAGUE OF GENTLEMEN,1,movie
THE LEOPARD,1,movie
THE LETTER,1,movie
The Life of Riley,1,movie
THE LIVES OF ELIZABETH AND ESSEX,1,movie
The Lone Ranger,1,movie
The Lone Ranger and the Lost City of Gold,1,movie
THE LONELINESS OF THE LONG DISTANCE RUNNER,1,movie
The Long Day Closes,1,movie
THE LONG GOODBYE,1,movie
THE LONG VOYAGE HOME,1,movie
THE LONG VOYAGE HOME,1,movie
THE LOOKING GLASS WAR,1,movie
The Love Witch,1,movie
The Loved One,1,movie
THE MACINTOSH MAN,1,movie
The Magnificent Ambersons,1,movie
THE MALTESE FALCON,1,movie
THE MAN BETWEEN,1,movie
THE MAN IN THE GRAY FLANNEL SUIT,1,movie
THE MAN WHO FELL TO EARTH,1,movie
THE MAN WHO KNEW TOO MUCH,1,movie
THE MAN WHO WASN'T THERE,1,movie
THE MARTIAN,1,movie
THE MASTER,1,movie
THE MEN WHO STARE AT GOATS,1,movie
THE MILKY WAY,1,movie
the mill and the cross,1,movie
THE MIND BENDERS,1,movie
THE MOMENT OF TRUTH,1,movie
THE MONUMENTS MEN,1,movie
THE MORNING AFTER,1,movie
THE NAKED CITY,1,movie
THE NARROW MARGIN,1,movie
THE NAVIGATOR,1,movie
THE OFFENSE,1,movie
THE ONE I LOVE,1,movie
THE OSCAR,1,movie
THE OUTFIT,1,movie
The Paper Chase,1,movie
The Paper Chase,1,movie
The Paper Chase,1,movie
The Parallax View,1,movie
The Parallax View,1,movie
The Parallax View,1,movie
The Parallax View,1,movie
The Parallax View,1,movie
The Parallax View,1,movie
The Parallax View,1,movie
The Parallax View,1,movie
THE PELICAN BRIEF,1,movie
THE PERILS OF PRISCILLA,1,movie
The Pirates of Somalia,1,movie
THE POSEIDON ADVENTURE,1,movie
THE PRIVATE LIFE OF SHERLOCK HOLMES,1,movie
THE PROFESSIONALS,1,movie
THE QUEEN OF VERSAILLES,1,movie
THE QUILLER MEMORANDUM,1,movie
THE RACK PACK,1,movie
THE RAIN PEOPLE,1,movie
THE RECKLESS MOMENT,1,movie
THE RED SHOES,1,movie
The Return of W. de Rijk,1,movie
The Return of W. de Rijk,1,movie
THE REVENANT,1,movie
THE RIDER,1,movie
THE RIGHT STUFF,1,movie
THE RIGHT STUFF,1,movie
THE RIVER WILD,1,movie
THE ROAD WARRIOR,1,movie
THE ROOM,1,movie
THE ROUNDERS,1,movie
The Ruling Class,1,movie
The Russia House,1,movie
The Sand Pebbles,1,movie
THE SAPPHIRES,1,movie
THE SCARLETT EMPRESS,1,movie
THE SEARCH,1,movie
THE SEDUCTION OF MIMI,1,movie
THE SEDUCTION OF MIMI,1,movie
THE SERVANT,1,movie
The Servent,1,movie
The Servent,1,movie
The Shape of Water,1,movie
THE SHARK IS STILL WORKING,1,movie
The Shining,1,movie
The Shining,1,movie
THE SILENCE,1,movie
The Silent Partner,1,movie
THE SNOWTOWN MURDERS,1,movie
The Social Network,1,movie
The Social Network,1,movie
The Social Network,1,movie
The Social Network,1,movie
The Social Network,1,movie
The Social Network,1,movie
The Social Network,1,movie
The Social Network,1,movie
The Social Network,1,movie
The Social Network,1,movie
The Social Network,1,movie
The Social Network,1,movie
THE SOCIAL NETWORK,1,movie
THE SOCIAL NETWORK,1,movie
THE SOFT SKIN,1,movie
THE SPECIAL RELATIONSHIP,1,movie
THE SPIRIT OF THE BEEHIVE,1,movie
THE SPLIT,1,movie
THE SPY WHO CAME IN FROM THE COLD,1,movie
THE SPY WHO CAME IN FROM THE COLD,1,movie
The Square,1,movie
THE STING,1,movie
The Sugarland Express,1,movie
The Sugarland Express,1,movie
The Sugarland Express,1,movie
THE SUNSHINE BOYS,1,movie
THE TAKING OF PELHAM 123,1,movie
The Tale of Zatoichi,1,movie
THE TALL TARGET,1,movie
THE TARNISHED ANGELS,1,movie
THE TENANT,1,movie
THE TERMINAL MAN,1,movie
The Texas Chainsaw Massacre,1,movie
THE THING FROM ANOTHER WORLD,1,movie
The Third Man,1,movie
The Third Man,1,movie
The Third Man,1,movie
The Third Man,1,movie
The Thomas Crown Affair,1,movie
The Thomas Crown Affair,1,movie
THE TOWERING INFERNO,1,movie
The Train,1,movie
The Train,1,movie
The Train,1,movie
THE TREE OF LIFE,1,movie
The Trial,1,movie
The Trial,1,movie
The Trial,1,movie
The Trial of Joan of Arc,1,movie
THE UNKNOWN KNOWN,1,movie
The Verdict,1,movie
The Verdict,1,movie
The Verdict,1,movie
The Verdict,1,movie
THE VISIT,1,movie
THE WHITE RIBBON,1,movie
the whole truth,1,movie
"the wild, wonderful whites of west virginia",1,movie
THE WORLD OF HENRY ORIENT,1,movie
Thelma,1,movie
THERE'S ALWAYS TOMORROW,1,movie
They Live by Night,1,movie
THEY'LL LOVE ME WHEN I'M DEAD,1,movie
THIEF,1,movie
THIEVES LIKE US,1,movie
THIS IS SPINAL TAP,1,movie
THOROUGHBREDS,1,movie
THOUGHT CRIMES: THE CASE OF THE CANNIBAL COP,1,movie
Three Days of the Condor,1,movie
Three Days of the Condor,1,movie
Three Days of the Condor,1,movie
Three Days of the Condor,1,movie
Three Days of the Condor,1,movie
Three Days of the Condor,1,movie
Three Days of the Condor,1,movie
Three Days of the Condor,1,movie
THREE DAYS OF THE CONDOR,1,movie
THRILLA IN MANILA,1,movie
THUNDERBALL,1,movie
THX 1138,1,movie
tickled,1,movie
TIM'S VERMEER,1,movie
TINY FURNITURE,1,movie
TIPTOES,1,movie
TO BE OR NOT TO BE,1,movie
To Be or Not to Be,1,movie
To Catch a Thief,1,movie
To Catch a Thief,1,movie
To Rome with Love,1,movie
TOBY DAMMIT,1,movie
Tokyo Drifter,1,movie
Tokyo Drifter,1,movie
Tokyo Olympiad,1,movie
Tokyo Olympiad,1,movie
TOMMY,1,movie
TOO MUCH JOHNSON,1,movie
TOP FIVE,1,movie
TOP SECRET!,1,movie
Touch of Evil,1,movie
Touch of Evil,1,movie
Touch of Evil,1,movie
TRADING PLACES,1,movie
Trainspotting,1,movie
TRANCE,1,movie
TRANSSIBERIAN,1,movie
TRIPLE NINE,1,movie
TRUE GRIT (2010),1,movie
TRUTH,1,movie
TUCKER: THE MAN AND HIS DREAM,1,movie
TWA 800,1,movie
TWO LOVERS,1,movie
U2: INNOCENCE+EXPERIENCE,1,movie
UGETSU,1,movie
Un flic,1,movie
UNBROKEN,1,movie
UNDER THE SKIN,1,movie
"UNMAN, WITTERING, AND ZIGO",1,movie
Unsane,1,movie
Unsane,1,movie
Unsane,1,movie
Unsane,1,movie
Unsane,1,movie
UNSANE,1,movie
UP THE SANDBOX,1,movie
UPSTREAM COLOR,1,movie
VALKRYIE,1,movie
VALLEY OF THE DOLLS,1,movie
Vengeance Is Mine,1,movie
VERONIKA VOSS,1,movie
VERTIGO,1,movie
Vertigo,1,movie
Victim,1,movie
VILLAIN,1,movie
VIOLENT SATURDAY,1,movie
Visitors,1,movie
Visitors,1,movie
Visitors,1,movie
Visitors,1,movie
VOX LUX,1,movie
Voyeur,1,movie
W.,1,movie
W.E.,1,movie
wakolda: the german doctor,1,movie
WALK OF SHAME,1,movie
WALL STREET: MONEY NEVER SLEEPS,1,movie
Waltz with Bashir,1,movie
WAR HORSE,1,movie
WATTSTAX,1,movie
WE ARE NOT DONE YET,1,movie
WE BOUGHT A ZOO,1,movie
WELCOME TO NEW YORK,1,movie
Westworld,1,movie
WETTEST COUNTY,1,movie
WHAT'S THE MATTER WITH HELEN?,1,movie
"what's up, doc?",1,movie
"WHAT'S UP, DOC?",1,movie
WHIPLASH,1,movie
WHISKY GALORE!,1,movie
WHITE HOUSE DOWN,1,movie
WHITEY: THE UNITED STATES VS. JAMES J. BULGER,1,movie
Whitney: Can I Be Me,1,movie
Who's Afraid of Virginia Woolf?,1,movie
Who's Afraid of Virginia Woolf?,1,movie
WHO'S AFRAID OF VIRGINIA WOOLF?,1,movie
WIDOWS,1,movie
WILD TALES,1,movie
WIN WIN,1,movie
Withnail and I,1,movie
WITNESS FOR THE PROSECUTION,1,movie
Woman in the Dunes,1,movie
WOMEN IN LOVE,1,movie
WONDER BOYS,1,movie
WORLD ON A WIRE,1,movie
WORLD WAR Z,1,movie
WRITTEN ON THE WIND,1,movie
X/Y,1,movie
YANKEE DOODLE DANDY,1,movie
YOKUKO,1,movie
YOUNG MAN WITH A HORN,1,movie
YOUTH OF THE BEAST,1,movie
zabriskie point,1,movie
ZERO DARK THIRTY,1,movie
zero days,1,movie
Zodiac,1,movie
Zodiac,1,movie
Zodiac,1,movie
Zodiac,1,movie
Zodiac,1,movie
zona sur,1,movie
BARREN,1,movieshort
BOB & DALE,1,movieshort
DESISTFILM,1,movieshort
DRIVING HOME,1,movieshort
ENOUGH IS ENOUGH,1,movieshort
ESTA NINA LINDA,1,movieshort
LOVE,1,movieshort
MADRE MARIA,1,movieshort
REMIND ME,1,movieshort
ROSA'S ESPERANZA,1,movieshort
RUBBERNECK,1,movieshort
SNOWFLAKES,1,movieshort
SUCKER,1,movieshort
THE HERON,1,movieshort
THE UNITED STATES OF PARANOIA,1,movieshort
WEDLOCK HOUSE: AN INTERCOURSE,1,movieshort
The Library,2,play
The Library,2,play
The Library,2,play
A Celebration of Harold Pinter,1,play
A Confederacy of Dunces,1,play
a voice in the night,1,play
Asymmetry,1,play
Betrayal,1,play
"By The Way, Meet Vera Stark",1,play
"By The Way, Meet Vera Stark",1,play
Cat Person,1,play
Caught,1,play
Crazy Rich Asians,1,play
Dayward,1,play
Dead Accounts,1,play
Death of a Salesman,1,play
Doting,1,play
Dry Powder,1,play
Extreme Solitude,1,play
Fun Home,1,play
Glengarry Glen Ross,1,play
Hadestown,1,play
Hamilton,1,play
Hamilton: The Revolution,1,play
Head of Passes,1,play
Here Lies Love,1,play
"Here We Aren't, So Quickly",1,play
histoire suele video completed,1,play
How to Change Your Mind,1,play
Hugh Jackman: Back on Broadway,1,play
In Every Moment We Are Alive,1,play
In Our Mad and Furious City,1,play
Inadvertent,1,play
Jitney,1,play
La Bete,1,play
Lenny Hearts Eunice,1,play
M. Butterfly,1,play
maybe it was the distance,1,play
Mistakes Were Made,1,play
My Year of Rest and Relaxation,1,play
Neva,1,play
NK3,1,play
Ocean's Eleven,1,play
Old Times,1,play
othello,1,play
Pachinko,1,play
plenty,1,play
Rx,1,play
Seminar,1,play
seven people dancing,1,play
Show Recent Some Love,1,play
Sucker Punch,1,play
The Beatles LOVE,1,play
The Book of Mormon,1,play
The Encounter,1,play
The Entire Northern Side Was Covered With Fire,1,play
The Great Eastern,1,play
The Kid,1,play
The Lazy River,1,play
The Library,1,play
The Library,1,play
The Library,1,play
The Library,1,play
The Library,1,play
The Library,1,play
The Library,1,play
The Library,1,play
The Library,1,play
The Library,1,play
The Mars Room,1,play
The Mousetrap,1,play
The Mousetrap,1,play
The Pilot,1,play
The Play That Goes Wrong,1,play
the polish rider,1,play
The Present,1,play
the red lion,1,play
The Removalists,1,play
The Talking Cure,1,play
The Twenty-Seventh Man,1,play
"The War of the Roses, Part One",1,play
The Winslow Boy,1,play
three days in the country,1,play
Twins,1,play
two men arrive in a village,1,play
Venus in Fur,1,play
warhol capote strange dents,1,play
What Separates Us From the Animals,1,play
"What You Do Out Here, When You're Alone",1,play
Why We Sleep: Unlocking the Power of Sleep and Dreams,1,play
Are You Still A Faggot?,1,short
Beyond Zero: 1914-1918,1,short
CLAPPING FOR THE WRONG THING*,1,short
Dicks,1,short
Double Talk,1,short
Fuckkkyouuu,1,short
Good Morning,1,short
KUHANI*,1,short
Le chant du Styr√®ne,1,short
Missing,1,short
Night and Fog,1,short
Once in a Blue Moon,1,short
The Lamp,1,short
william kentridge,1,short
Bronze,1,short-story
Mrs. Calthorpe,1,short-story
Now More Than Ever,1,short-story
Stanville,1,short-story
The Wolves,1,short-story
Travesties,1,short-story
Trojan Women,1,short-story
2nd unit photography on Logan Lucky,1,special
Begin principal photography on Behind the Candelabra,1,special
Begin principal photography on Bitter Pill,1,special
Begin principal photography on Contagion,1,special
Begin principal photography on EOTR doc,1,special
Begin principal photography on HAYWIRE,1,special
Begin principal photography on HIGH FLYING BIRD,1,special
begin principal photography on Logan Lucky,1,special
Begin principal photography on Magic Mike,1,special
Begin principal photography on Magic Mike XXL,1,special
Begin principal photography on Mosaic (phase one),1,special
Begin principal photography on The Knick,1,special
Begin principal photography on THE LAUNDROMAT,1,special
Begin principal photography on Unsane,1,special
"Finished painting ""Beckett No. 1",1,special
"Finished painting ""Myrtle",1,special
"Painting ""? No, 1"" completed",1,special
"Painting ""? No, 2"" completed",1,special
"Painting ""? No, 3"" completed",1,special
Singani63 ad shoot,1,special
1864,2,tv
ABSOLUTELY FABULOUS,2,tv
ABSOLUTELY FABULOUS,2,tv
ABSOLUTELY FABULOUS,2,tv
ABSOLUTELY FABULOUS,2,tv
Arvingerne,2,tv
Arvingerne,2,tv
Arvingerne,2,tv
Atlanta,2,tv
ATLANTA,2,tv
ATLANTA,2,tv
ATLANTA,2,tv
Baskets,2,tv
BELOW DECK,2,tv
BELOW DECK,2,tv
BELOW DECK,2,tv
BELOW DECK,2,tv
BELOW DECK,2,tv
BELOW DECK,2,tv
beyond the walls,2,tv
Billions,2,tv
Billions,2,tv
Black Mirror,2,tv
Black Mirror,2,tv
Black Mirror,2,tv
Boardwalk Empire,2,tv
Boardwalk Empire,2,tv
Boardwalk Empire,2,tv
Boardwalk Empire,2,tv
Boardwalk Empire,2,tv
Borgen,2,tv
Boss,2,tv
Boss,2,tv
Breaking Bad,2,tv
Breaking Bad,2,tv
Breaking Bad,2,tv
Breaking Bad,2,tv
Breaking Bad,2,tv
Breaking Bad,2,tv
Breaking Bad,2,tv
CIVILIZATIONS,2,tv
DOLL & EM,2,tv
EIGHT HOURS DON'T MAKE A DAY,2,tv
EIGHT HOURS DON'T MAKE A DAY,2,tv
Fleabag,2,tv
Fleabag,2,tv
FOREVER,2,tv
FOREVER,2,tv
Getting On,2,tv
Girls,2,tv
Girls,2,tv
Glow,2,tv
Homeland,2,tv
Horace and Pete,2,tv
Horace and Pete,2,tv
House of Cards,2,tv
House of Cards,2,tv
House of Cards,2,tv
I'M ALAN PARTRDIGE,2,tv
Inside Amy Schumer,2,tv
KIM PHILBY: HIS MOST INTIMATE BETRAYAL,2,tv
Louie,2,tv
Louie,2,tv
Louie,2,tv
Louie,2,tv
Louie,2,tv
Louie,2,tv
Mad Men,2,tv
Mad Men,2,tv
MANIAC,2,tv
MANIAC,2,tv
MANIAC,2,tv
Master of None,2,tv
Master of None,2,tv
Mindhunter,2,tv
Mindhunter,2,tv
Mindhunter,2,tv
Mindhunter,2,tv
Mindhunter,2,tv
Mindhunter,2,tv
Mindhunter,2,tv
Mindhunter,2,tv
Mr. Robot,2,tv
O.J.: Made in America,2,tv
ORANGE IS THE NEW BLACK,2,tv
PORTLANDIA,2,tv
SALLY4EVER,2,tv
Silicon Valley,2,tv
Silicon Valley,2,tv
Smash,2,tv
SMILF,2,tv
SMILF,2,tv
The Americans,2,tv
The Americans,2,tv
The Crown,2,tv
THE FALL AND RISE OF REGINALD PERRIN,2,tv
The Keepers,2,tv
The Killing,2,tv
The Killing,2,tv
The Killing,2,tv
The Killing,2,tv
The Killing,2,tv
The Killing,2,tv
THE KINGDOM,2,tv
THE ROMANOFFS,2,tv
The Slap,2,tv
The Slap,2,tv
The Staircase,2,tv
The Thick of It,2,tv
The Thick of It,2,tv
The Thick of It,2,tv
The Thick of It,2,tv
The Thick of It,2,tv
The Thick of It,2,tv
THE THICK OF IT,2,tv
THE THICK OF IT,2,tv
The Trap,2,tv
The Vietnam War,2,tv
The Vietnam War,2,tv
The Vietnam War,2,tv
TIGER VS PHIL,2,tv
Tracey Ullman's Show,2,tv
Transparent,2,tv
Transparent,2,tv
Transparent,2,tv
True Detective,2,tv
Twenty Twelve,2,tv
Twin Peaks,2,tv
Twin Peaks,2,tv
Utopia,2,tv
Veep,2,tv
W1A,2,tv
W1A,2,tv
W1A,2,tv
W1A,2,tv
Wormwood,2,tv
A VERY ENGLISH SCANDAL,3,tv
ABSOLUTELY FABULOUS,3,tv
ALL WATCHED OVER BY MACHINES OF LOVING GRACE,3,tv
Arvingerne,3,tv
ATLANTA,3,tv
BELOW DECK,3,tv
BELOW DECK,3,tv
Black Mirror,3,tv
Black Mirror,3,tv
Boardwalk Empire,3,tv
Boardwalk Empire,3,tv
Boardwalk Empire,3,tv
Boardwalk Empire,3,tv
Boardwalk Empire,3,tv
Boardwalk Empire,3,tv
Borgen,3,tv
Borgen,3,tv
Borgen,3,tv
Borgen,3,tv
Borgen,3,tv
House of Cards,3,tv
House of Cards,3,tv
House of Cards,3,tv
House of Cards,3,tv
KEY & PEELE,3,tv
Killing Richard Glossip,3,tv
Louie,3,tv
MANIAC,3,tv
Masterminds,3,tv
Silicon Valley,3,tv
The Americans,3,tv
The Americans,3,tv
The Knick,3,tv
The Knick,3,tv
The Power of Nightmares,3,tv
The Slap,3,tv
Top of the Lake,3,tv
Top of the Lake,3,tv
TRACEY ULLMAN'S SHOW,3,tv
Transparent,3,tv
Transparent,3,tv
True Detective,3,tv
Vinyl,3,tv
Vinyl,3,tv
WILD,3,tv
American Greed,4,tv
BELOW DECK,4,tv
BELOW DECK,4,tv
Black Mirror,4,tv
Boardwalk Empire,4,tv
Borgen,4,tv
Borgen,4,tv
CIVILIZATIONS,4,tv
EVIL GENIUS,4,tv
House of Cards,4,tv
Inside Men,4,tv
Mad Men,4,tv
Masterminds,4,tv
OLIVE KITTERIDGE,4,tv
The Knick,4,tv
The Last Panthers,4,tv
The Thick of It,4,tv
The Thick of It,4,tv
Vinyl,4,tv
W1A,4,tv
BELOW DECK,5,tv
BELOW DECK,5,tv
BELOW DECK,5,tv
Boardwalk Empire,5,tv
Borgen,5,tv
House of Cards,5,tv
House of Cards,5,tv
Masterminds,5,tv
The Americans,5,tv
The Keepers,5,tv
The Thick of It,5,tv
The Thick of It,5,tv
BELOW DECK,6,tv
BELOW DECK,6,tv
Masterminds,6,tv
Transparent,6,tv
Transparent,6,tv
White Horse,6,tv
Masterminds,7,tv
The Thick of It,7,tv
Homeland,9,tv
The Killing,9,tv
BELOW DECK,10,tv
1983 Japanese documentary on Steven Spielberg,1,tv
20/20,1,tv
20/20,1,tv
20/20,1,tv
20/20,1,tv
2016 Olympic Games,1,tv
2016 Olympic Games,1,tv
2016 Olympic Games,1,tv
2016 Olympic Games,1,tv
2016 Olympic Games,1,tv
2016 Olympic Games,1,tv
2016 Olympic Games,1,tv
2016 Olympic Games,1,tv
2016 Olympic Games,1,tv
2016 Olympic Games,1,tv
2016 Olympic Games,1,tv
2016 Olympic Games,1,tv
2016 Olympic Games,1,tv
2016 Olympic Games,1,tv
2016 Olympic Games,1,tv
2018 WINTER OLYMPICS,1,tv
2018 WINTER OLYMPICS,1,tv
2018 WINTER OLYMPICS,1,tv
2018 WINTER OLYMPICS,1,tv
2018 WINTER OLYMPICS,1,tv
2018 WINTER OLYMPICS,1,tv
2018 WINTER OLYMPICS,1,tv
2018 WINTER OLYMPICS,1,tv
30 for 30,1,tv
30 for 30,1,tv
48 Hours,1,tv
48 Hours,1,tv
48 Hours,1,tv
48 Hours,1,tv
48 Hours,1,tv
48 Hours,1,tv
48 Hours,1,tv
48 Hours,1,tv
48 Hours,1,tv
48 Hours,1,tv
48 HOURS,1,tv
48 Hours Mystery,1,tv
48 Hours Mystery,1,tv
48 Hours Mystery,1,tv
48 Hours Mystery,1,tv
48 Hours Mystery,1,tv
48 Hours Mystery,1,tv
48 Hours Mystery,1,tv
48 Hours Mystery,1,tv
48 Hours Mystery,1,tv
48 Hours Mystery,1,tv
48 Hours Mystery,1,tv
48 Hours Mystery,1,tv
48 Hours Mystery,1,tv
48 Hours Mystery,1,tv
48 Hours Mystery,1,tv
48 Hours Mystery,1,tv
48 Hours Mystery,1,tv
48 Hours Mystery,1,tv
48 Hours Mystery,1,tv
48 Hours Mystery,1,tv
48 Hours Mystery,1,tv
48 Hours Mystery,1,tv
48 Hours Mystery,1,tv
48 Hours Mystery,1,tv
48 Hours Mystery,1,tv
48 Hours Mystery,1,tv
48 Hours on ID,1,tv
48 Hours on ID,1,tv
48 Hours on ID,1,tv
48 Hours: Hard Evidence,1,tv
48 Hours: Lived to Tell,1,tv
48 HRS,1,tv
48 HRS,1,tv
48 HRS,1,tv
48 HRS,1,tv
48 HRS,1,tv
48 HRS,1,tv
69th Emmy Awards,1,tv
70TH ANNUAL EMMY AWARDS,1,tv
89th Academy Awards,1,tv
A Deadly Adoption,1,tv
A VERY MURRAY CHRISTMAS,1,tv
ABSOLUTELY FABULOUS,1,tv
AFI LIFETIME ACHIEVEMENT AWARD: A TRIBUTE TO GEORGE CLOONEY,1,tv
ALDO VS MCGREGOR,1,tv
All the President‚Äôs Men Revisited,1,tv
ALVAREZ VS GOLOVKIN,1,tv
ALWAYS ON SUNDAY,1,tv
American Experience: JFK,1,tv
American Experience: JFK,1,tv
American Experience: The Poisoner's Handbook,1,tv
American Greed,1,tv
American Greed,1,tv
American Greed,1,tv
American Greed,1,tv
American Greed,1,tv
American Greed,1,tv
American Greed,1,tv
American Greed,1,tv
American Greed,1,tv
American Greed,1,tv
American Greed,1,tv
American Greed,1,tv
American Haunting,1,tv
AMY SCHUMER: LIVE AT THE APOLLO,1,tv
anais mitchell,1,tv
And Then There Were None,1,tv
And Then There Were None,1,tv
Anthony Joshua vs. Wladimir Klitschko,1,tv
Apple Special Event (streamed),1,tv
Archer,1,tv
Arvingerne,1,tv
Arvingerne,1,tv
Atlanta,1,tv
Atlanta,1,tv
ATLANTA,1,tv
ATLANTA,1,tv
ATLANTA,1,tv
ATLANTA,1,tv
ATLANTA,1,tv
ATLANTA,1,tv
ATLANTA,1,tv
BANDERSNATCH,1,tv
Begin principal photography on The Knick,1,tv
BELOW DECK,1,tv
BELOW DECK,1,tv
BELOW DECK,1,tv
BELOW DECK,1,tv
BETRAYAL: THE PLOT THAT WON THE WHITE HOUSE,1,tv
Better Call Saul,1,tv
Better Call Saul,1,tv
Better Call Saul,1,tv
Better Call Saul,1,tv
Better Call Saul,1,tv
Better Call Saul,1,tv
Better Call Saul,1,tv
Better Call Saul,1,tv
Better Call Saul,1,tv
Better Call Saul,1,tv
Better Call Saul,1,tv
Better Call Saul,1,tv
Better Call Saul,1,tv
Better Call Saul,1,tv
Better Call Saul,1,tv
Better Call Saul,1,tv
Better Call Saul,1,tv
Better Call Saul,1,tv
Better Call Saul,1,tv
Better Call Saul,1,tv
Better Call Saul,1,tv
Better Call Saul,1,tv
Better Call Saul,1,tv
Better Call Saul,1,tv
Better Call Saul,1,tv
Better Call Saul,1,tv
BETTER CALL SAUL,1,tv
BETTER CALL SAUL,1,tv
BETTER CALL SAUL,1,tv
BETTER CALL SAUL,1,tv
BETTER CALL SAUL,1,tv
BETTER CALL SAUL,1,tv
BETTER CALL SAUL,1,tv
BETTER CALL SAUL,1,tv
BETTER CALL SAUL,1,tv
BILL MAHER: LIVE FROM WASHINGTON,1,tv
Billions,1,tv
Billions,1,tv
Billions,1,tv
Billions,1,tv
Billions,1,tv
Billions,1,tv
Billions,1,tv
Billions,1,tv
Billions,1,tv
Billions,1,tv
Billions,1,tv
Billions,1,tv
Billions,1,tv
Billions,1,tv
Billions,1,tv
Billions,1,tv
Billions,1,tv
Billions,1,tv
Billions,1,tv
Billions,1,tv
BILLIONS,1,tv
BILLIONS,1,tv
BILLIONS,1,tv
BILLIONS,1,tv
BILLIONS,1,tv
BILLIONS,1,tv
BILLIONS,1,tv
BILLIONS,1,tv
Black Mirror,1,tv
Black Mirror,1,tv
Black Mirror: White Christmas,1,tv
BLUNT TALK,1,tv
Boardwalk Empire,1,tv
Boardwalk Empire,1,tv
Boardwalk Empire,1,tv
Boardwalk Empire,1,tv
Boardwalk Empire,1,tv
Boardwalk Empire,1,tv
Boardwalk Empire,1,tv
Boardwalk Empire,1,tv
Boardwalk Empire,1,tv
Boardwalk Empire,1,tv
Boardwalk Empire,1,tv
Boardwalk Empire,1,tv
Boardwalk Empire,1,tv
Boardwalk Empire,1,tv
Boardwalk Empire,1,tv
Boardwalk Empire,1,tv
Boardwalk Empire,1,tv
BoJack Horseman,1,tv
Boss,1,tv
Boss,1,tv
Boss,1,tv
Boss,1,tv
Boss,1,tv
Boss,1,tv
Boss,1,tv
Boss,1,tv
Boss,1,tv
Boss,1,tv
Boss,1,tv
Boss,1,tv
Breaking Bad,1,tv
Breaking Bad,1,tv
Breaking Bad,1,tv
Breaking Bad,1,tv
Breaking Bad,1,tv
Breaking Bad,1,tv
Breaking Bad,1,tv
Breaking Bad,1,tv
Breaking Bad,1,tv
Breaking Bad,1,tv
Breaking Bad,1,tv
Breaking Bad,1,tv
Breaking Bad,1,tv
Breaking Bad,1,tv
Breaking Bad,1,tv
Breaking Bad,1,tv
Breaking Bad,1,tv
Breaking Bad,1,tv
Breaking Bad,1,tv
Breaking Bad,1,tv
Breaking Bad,1,tv
Breaking Bad,1,tv
Breaking Bad,1,tv
Breaking Bad,1,tv
Breaking Bad,1,tv
Breaking Bad,1,tv
Breaking Bad,1,tv
Breaking Bad,1,tv
Breaking Bad,1,tv
Breaking Bad,1,tv
Breaking Bad,1,tv
Breaking Bad,1,tv
Breaking Bad,1,tv
Breaking Bad,1,tv
Breaking Bad,1,tv
Breaking Bad,1,tv
Breaking Bad,1,tv
Breaking Bad,1,tv
Breaking Bad,1,tv
Breaking Bad,1,tv
Breaking Bad,1,tv
Breaking Bad,1,tv
Breaking Bad,1,tv
Breaking Bad,1,tv
Breaking Bad,1,tv
Breaking Bad,1,tv
Breaking Bad,1,tv
Breaking Bad,1,tv
Broken Bells at Webster Hall,1,tv
BROOKLYN BOMBSHELLS @ MANHATTAN MAYHEM,1,tv
BROOKLYN BOMBSHELLS VS. MANHATTAN MAYHEM,1,tv
Catnip: Egress to Oblivion?,1,tv
Celebrity Ghost Stories: 10 Most Terrifying Places,1,tv
CHRIS ROCK: TAMBORINE,1,tv
CIVILIZATIONS,1,tv
CIVILIZATIONS,1,tv
CODE BREAKERS,1,tv
COLUMBO: MURDER BY THE BOOK,1,tv
Come to Papa (Largo),1,tv
Come to Papa (Largo),1,tv
COMEDY CENTRAL ROAST OF BRUCE WILLIS,1,tv
CRIMES OF PASSION,1,tv
CUBS VS DODGERS,1,tv
Curb Your Enthusiasm,1,tv
Curb Your Enthusiasm,1,tv
Curb Your Enthusiasm,1,tv
Curb Your Enthusiasm,1,tv
Curb Your Enthusiasm,1,tv
Curb Your Enthusiasm,1,tv
Curb Your Enthusiasm,1,tv
Curb Your Enthusiasm,1,tv
Curb Your Enthusiasm,1,tv
D.L. HUGHLEY: CONTRARIAN,1,tv
DANTE'S INFERNO,1,tv
Dateline,1,tv
Dateline,1,tv
Dateline,1,tv
Dateline,1,tv
Dateline,1,tv
Dateline,1,tv
Dateline,1,tv
Dateline,1,tv
Dateline,1,tv
Dateline,1,tv
Dateline,1,tv
Dateline,1,tv
Dateline,1,tv
Dateline,1,tv
Dateline,1,tv
Dateline,1,tv
Dateline,1,tv
Dateline,1,tv
Dateline,1,tv
Dateline,1,tv
Dateline,1,tv
Dateline,1,tv
Dateline,1,tv
Dateline,1,tv
Dateline,1,tv
Dateline,1,tv
Dateline,1,tv
Dateline,1,tv
Dateline,1,tv
Dateline,1,tv
Dateline,1,tv
Dateline,1,tv
Dateline,1,tv
Dateline,1,tv
Dateline,1,tv
Dateline,1,tv
Dateline,1,tv
Dateline,1,tv
Dateline,1,tv
Dateline,1,tv
Dateline,1,tv
Dateline,1,tv
Dateline,1,tv
Dateline,1,tv
Dateline,1,tv
Dateline,1,tv
Dateline,1,tv
Dateline,1,tv
Dateline,1,tv
Dateline,1,tv
Dateline,1,tv
Dateline,1,tv
Dateline,1,tv
Dateline,1,tv
Dateline,1,tv
Dateline,1,tv
Dateline,1,tv
Dateline,1,tv
Dateline,1,tv
Dateline,1,tv
Dateline,1,tv
Dateline,1,tv
Dateline,1,tv
Dateline,1,tv
Dateline,1,tv
DATELINE,1,tv
DATELINE,1,tv
DATELINE,1,tv
DATELINE,1,tv
DATELINE,1,tv
DATELINE,1,tv
DATELINE,1,tv
DATELINE,1,tv
DATELINE,1,tv
DATELINE,1,tv
DATELINE,1,tv
DATELINE,1,tv
Dateline Extra,1,tv
Dateline on ID,1,tv
Dateline on ID,1,tv
Dateline on ID,1,tv
Dateline on OWN,1,tv
Dateline on TLC,1,tv
Dateline: Saturday Edition,1,tv
Dateline: Saturday Night Mystery,1,tv
Dateline: Saturday Night Mystery,1,tv
Dateline: Saturday Night Mystery,1,tv
Dateline: Thursday Night Mystery,1,tv
Dateline: Thursday Night Mystery,1,tv
Dave Chappelle: Deep in the Heart of Texas,1,tv
Dave Chappelle: Equanimity,1,tv
Dave Chappelle: The Age of Spin,1,tv
DAVE CHAPPELLE: THE BIRD REVELATION,1,tv
DC,1,tv
DEMETRI MARTIN: THE OVERTHINKER,1,tv
DEUTCHLAND '86,1,tv
Deutschland '83,1,tv
Deutschland '83,1,tv
DIRTY MONEY: DRUG SHORT,1,tv
DIRTY MONEY: HARD NOX,1,tv
DIRTY MONEY: PAYDAY,1,tv
DIRTY MONEY: THE MAPLE SYRUP HEIST,1,tv
Disappeared,1,tv
Disappeared,1,tv
Disappeared,1,tv
DOLL & EM,1,tv
DOLL & EM,1,tv
DOLL & EM,1,tv
DOLL & EM,1,tv
E! News Live From the Red Carpet: 2017 Met Gala,1,tv
Ed.,1,tv
Ed.,1,tv
Ed.,1,tv
Elvis Costello: Mystery Dance,1,tv
"ENEMIES: THE PRESIDENT,JUSTICE, AND THE FBI",1,tv
Finished Earl Holliday album,1,tv
Fleabag,1,tv
Fleabag,1,tv
Floyd Mayweather Jr. vs. Conor McGregor,1,tv
Forensic Files,1,tv
FOREVER,1,tv
FOREVER,1,tv
Freud's Naked Truths,1,tv
Gennady Golovkin vs. Canelo √Ålvarez,1,tv
Getting On,1,tv
Getting On,1,tv
Getting On,1,tv
Getting On,1,tv
Getting On,1,tv
Getting On,1,tv
Getting On,1,tv
Getting On,1,tv
Getting On,1,tv
Getting On,1,tv
Getting On,1,tv
Getting On,1,tv
Getting On,1,tv
Getting On,1,tv
Getting On,1,tv
Giants vs. Dodgers,1,tv
Girls,1,tv
Girls,1,tv
Girls,1,tv
Girls,1,tv
Girls,1,tv
Girls,1,tv
Girls,1,tv
Girls,1,tv
Girls,1,tv
Girls,1,tv
Girls,1,tv
Girls,1,tv
Girls,1,tv
Girls,1,tv
Girls,1,tv
Girls,1,tv
Girls,1,tv
Girls,1,tv
Girls,1,tv
Girls,1,tv
Girls,1,tv
Girls,1,tv
Girls,1,tv
Girls,1,tv
Girls,1,tv
Girls,1,tv
Girls,1,tv
Girls,1,tv
Girls,1,tv
Girls,1,tv
Girls,1,tv
Girls,1,tv
Girls,1,tv
Girls,1,tv
Girls,1,tv
Girls,1,tv
Girls,1,tv
Girls,1,tv
Girls,1,tv
Girls,1,tv
Girls,1,tv
Girls,1,tv
God Is the Bigger Elvis,1,tv
Golovkin vs. Jacobs,1,tv
GREG DAVIS: YOU MAGNIFICENT BEAST,1,tv
Guided by Voices @ South Street Seaport,1,tv
HANNAH GADSBY: NANETTE,1,tv
HAWKS VS. KNICKS,1,tv
Hello Ladies,1,tv
Hello Ladies,1,tv
Hitler's Riches,1,tv
Hitler's Secret Science,1,tv
Hoke,1,tv
Homeland,1,tv
Homeland,1,tv
Homeland,1,tv
Homeland,1,tv
Homeland,1,tv
Homeland,1,tv
Homeland,1,tv
Homeland,1,tv
Homeland,1,tv
Homeland,1,tv
Homeland,1,tv
Homeland,1,tv
Homeland,1,tv
Homeland,1,tv
Homeland,1,tv
Homeland,1,tv
Homeland,1,tv
Homeland,1,tv
Homeland,1,tv
Homeland,1,tv
Homeland,1,tv
Homeland,1,tv
Homeland,1,tv
Homeland,1,tv
Hoover Dam,1,tv
Hoover Dam,1,tv
Horace and Pete,1,tv
Horace and Pete,1,tv
Horace and Pete,1,tv
Horace and Pete,1,tv
Horace and Pete,1,tv
Horace and Pete,1,tv
House of Cards,1,tv
House of Cards,1,tv
House of Cards,1,tv
House of Cards,1,tv
House of Versace,1,tv
Hunting Hitler,1,tv
Hunting Hitler,1,tv
Hunting Hitler,1,tv
I AM CAIT,1,tv
I'M ALAN PARTRIDGE,1,tv
I'M ALAN PARTRIDGE,1,tv
id: tommy ziegler,1,tv
ILIZA: CONFIRMED KILLS,1,tv
ILIZA: ELDER MILLENIAL,1,tv
Inside Amy Schumer,1,tv
Inside Amy Schumer,1,tv
Inside Amy Schumer,1,tv
Inside Amy Schumer,1,tv
Inside Amy Schumer,1,tv
Inside Amy Schumer,1,tv
Inside Amy Schumer,1,tv
Inside Amy Schumer,1,tv
Inside Amy Schumer,1,tv
Inside Amy Schumer,1,tv
Inside Amy Schumer,1,tv
Inside Amy Schumer,1,tv
Inside Amy Schumer,1,tv
Inside Amy Schumer,1,tv
Inside Amy Schumer,1,tv
Inside Amy Schumer,1,tv
Inside Amy Schumer,1,tv
Inside Amy Schumer,1,tv
Inside Amy Schumer,1,tv
Inside Amy Schumer,1,tv
Inside Amy Schumer,1,tv
Inside Amy Schumer,1,tv
Inside Amy Schumer,1,tv
INSIDE SYRIA'S DEADLY DYNASTY,1,tv
IT FELT LIKE A KISS,1,tv
JACK IRISH,1,tv
JFK: INSIDE THE EVIDENCE,1,tv
JFK: THE SMOKING GUN,1,tv
JIM JEFFERIES: THIS IS ME NOW,1,tv
JOHN MULANEY: KID GORGEOUS,1,tv
KATT WILLIAMS: GREAT AMERICA,1,tv
KATT WILLIAMS: KATTPOCALYPSE,1,tv
KATT WILLIAMS: PRICELESS: AFTERLIFE,1,tv
KEVIN HART: I'M A GROWN-UP LITTLE MAN,1,tv
KEVIN HART: LAUGH AT MY PAIN,1,tv
KEY & PEELE,1,tv
KILLER INSTINCT WITH CHRIS HANSEN,1,tv
Killing Richard Glossip,1,tv
KNOWING ME KNOWING YOU WITH ALAN PARTRIDGE,1,tv
kovalev vs. ward,1,tv
"LIBERACE CHRISTMAS SPECIAL, 1954",1,tv
Louie,1,tv
Louie,1,tv
Louie,1,tv
Louie,1,tv
Louie,1,tv
Louie,1,tv
Louis C.K. 2017,1,tv
LOUIS C.K. LIVE AT THE COMEDY STORE,1,tv
LOUIS C.K.: HILARIOUS,1,tv
LOUIS C.K.: OM MY GOD,1,tv
LOUIS CK: OH MY GOD,1,tv
M.D.,1,tv
MACGREGOR VS NURMAGOMEDOV,1,tv
Mad Men,1,tv
Mad Men,1,tv
Mad Men,1,tv
Mad Men,1,tv
Mad Men,1,tv
Mad Men,1,tv
Mad Men,1,tv
Mad Men,1,tv
Mad Men,1,tv
Mad Men,1,tv
Mad Men,1,tv
Mad Men,1,tv
Mad Men,1,tv
Mad Men,1,tv
Mad Men,1,tv
Mad Men,1,tv
Mad Men,1,tv
Mad Men,1,tv
Mad Men,1,tv
Mad Men,1,tv
Mad Men,1,tv
Mad Men,1,tv
Mad Men,1,tv
Mad Men,1,tv
Mad Men,1,tv
Mad Men,1,tv
Mad Men,1,tv
Mad Men,1,tv
Mad Men,1,tv
Mad Men,1,tv
Mad Men,1,tv
Mad Men,1,tv
Mad Men,1,tv
Mad Men,1,tv
Mad Men,1,tv
Mad Men,1,tv
Mad Men,1,tv
Mad Men,1,tv
Mad Men,1,tv
Mad Men,1,tv
Mad Men,1,tv
Mad Men,1,tv
Mad Men,1,tv
Mad Men,1,tv
MADNESS IN THE WHITE CITY,1,tv
Madoff,1,tv
Madoff,1,tv
Magic City,1,tv
Magic City,1,tv
Magic City,1,tv
Magic City,1,tv
Magic City,1,tv
Magic City,1,tv
Magic City,1,tv
Making 'The Shining',1,tv
Making a Murderer,1,tv
Making a Murderer,1,tv
MANHUNT: THE SEARCH FOR BIN LADEN,1,tv
MANIAC,1,tv
MARLENE DIETRICH IN DENMARK 1971,1,tv
MAYWEATHER VS. CARNERO,1,tv
MAYWEATHER VS. PACQUIAO,1,tv
McEnroe/Borg: Fire & Ice,1,tv
MD,1,tv
METS VS PHILLIES,1,tv
Million Dollar Listing,1,tv
Million Dollar Listing,1,tv
Million Dollar Listing,1,tv
Million Dollar Listing,1,tv
Million Dollar Listing,1,tv
Million Dollar Listing,1,tv
Million Dollar Listing,1,tv
Mindhunter,1,tv
MINDHUNTER,1,tv
MISS FISHER'S MURDER MYSTERY,1,tv
Mob Wives,1,tv
Mob Wives,1,tv
Mommy Dead and Dearest,1,tv
Mr. Robot,1,tv
Mr. Robot,1,tv
Mr. Robot,1,tv
Mr. Robot,1,tv
Mr. Robot,1,tv
Mr. Robot,1,tv
Mr. Robot,1,tv
Mr. Robot,1,tv
Mr. Robot,1,tv
Mr. Robot,1,tv
Mr. Robot,1,tv
Mr. Robot,1,tv
MYSTERY OF THE NAZCA LINES,1,tv
NARCOS,1,tv
NEW YORK,1,tv
NOVA: ANCIENT COMPUTERS,1,tv
O.J.: Made in America,1,tv
O.J.: Made in America,1,tv
OJ: made in america,1,tv
ON THE CASE WITH PAULA ZAHN,1,tv
opening ceremony 2016 olympic games,1,tv
PETER PAN LIVE!,1,tv
QUEENS OF PAIN VS. BROOKLYN BOMBSHELLS,1,tv
Real Time With Bill Maher,1,tv
Red Oaks,1,tv
Red Oaks,1,tv
Red Oaks,1,tv
Red Oaks,1,tv
Red Oaks,1,tv
Red Oaks,1,tv
RICKY GERVAIS: HUMANITY,1,tv
Roar: The Most Dangerous Movie Ever Made,1,tv
Room 104,1,tv
ROOM 104,1,tv
SALLY4EVER,1,tv
SALLY4EVER,1,tv
SALLY4EVER,1,tv
SALLY4EVER,1,tv
SALLY4EVER,1,tv
secrets of the third reich,1,tv
Silicon Valley,1,tv
Silicon Valley,1,tv
Silicon Valley,1,tv
Silicon Valley,1,tv
Silicon Valley,1,tv
Silicon Valley,1,tv
Silicon Valley,1,tv
Silicon Valley,1,tv
Silicon Valley,1,tv
Silicon Valley,1,tv
Silicon Valley,1,tv
Silicon Valley,1,tv
Silicon Valley,1,tv
Silicon Valley,1,tv
Silicon Valley,1,tv
Silicon Valley,1,tv
Silicon Valley,1,tv
Silicon Valley,1,tv
Silicon Valley,1,tv
Silicon Valley,1,tv
Silicon Valley,1,tv
Silicon Valley,1,tv
Silicon Valley,1,tv
Silicon Valley,1,tv
Silicon Valley,1,tv
Silicon Valley,1,tv
Silicon Valley,1,tv
Silicon Valley,1,tv
Silicon Valley,1,tv
Silicon Valley,1,tv
SILICON VALLEY,1,tv
SILICON VALLEY,1,tv
SILICON VALLEY,1,tv
SILICON VALLEY,1,tv
SILICON VALLEY,1,tv
SILICON VALLEY,1,tv
simon mcburney,1,tv
singani 63 @ tales of the cocktail,1,tv
Smash,1,tv
Smash,1,tv
Smash,1,tv
Smash,1,tv
Smash,1,tv
Smash,1,tv
Smash,1,tv
Smash,1,tv
Smash,1,tv
Smash,1,tv
Smash,1,tv
Smash,1,tv
Smash,1,tv
Smash,1,tv
Smash,1,tv
Smash,1,tv
Smash,1,tv
Smash,1,tv
Smash,1,tv
Smash,1,tv
Smash,1,tv
Smash,1,tv
Smash,1,tv
Smash,1,tv
Smash,1,tv
Smash,1,tv
Smash,1,tv
Smash,1,tv
SMILF,1,tv
SMILF,1,tv
SMILF,1,tv
SNAPPED,1,tv
Stanley Kubrick interview with Jeremy Bernstein Nov 1965 (audio),1,tv
SUCCESSION,1,tv
Super Bowl LI,1,tv
tarell alvin mccraney,1,tv
the 68th annual emmy awards,1,tv
the 73rd annual golden globe awards,1,tv
the 88th annual academy awards,1,tv
THE AFTER,1,tv
THE ALPS MURDERS,1,tv
The Americans,1,tv
The Americans,1,tv
The Americans,1,tv
The Americans,1,tv
The Americans,1,tv
The Americans,1,tv
The Americans,1,tv
The Americans,1,tv
The Americans,1,tv
The Americans,1,tv
The Americans,1,tv
The Americans,1,tv
The Americans,1,tv
The Americans,1,tv
The Americans,1,tv
The Americans,1,tv
The Americans,1,tv
The Americans,1,tv
The Americans,1,tv
The Americans,1,tv
The Americans,1,tv
The Americans,1,tv
The Americans,1,tv
The Americans,1,tv
The Americans,1,tv
The Americans,1,tv
The Americans,1,tv
The Americans,1,tv
The Americans,1,tv
The Americans,1,tv
The Americans,1,tv
The Americans,1,tv
The Americans,1,tv
The Americans,1,tv
The Americans,1,tv
The Americans,1,tv
The Americans,1,tv
The Americans,1,tv
The Americans,1,tv
The Americans,1,tv
The Americans,1,tv
The Americans,1,tv
The Americans,1,tv
The Americans,1,tv
The Americans,1,tv
The Americans,1,tv
The Americans,1,tv
The Best of Autopsy,1,tv
THE CENTURY OF THE SELF,1,tv
THE CENTURY OF THE SELF,1,tv
The Comeback,1,tv
THE COMEDY CENTRAL ROAST OF JUSTIN BIEBER,1,tv
the comedy central roast of rob lowe,1,tv
THE DENVER AIRPORT CONSPIRACY,1,tv
the discovery,1,tv
The Girlfriend Experience,1,tv
The Girlfriend Experience,1,tv
The Girlfriend Experience,1,tv
The Great Escape,1,tv
THE GREAT TRAIN ROBBERY: A COPPER'S TALE,1,tv
THE GREAT TRAIN ROBBERY: A ROBBER'S TALE,1,tv
THE HAUNTING OF BARRY BOSTWICK,1,tv
THE HAUNTING OF DIANE FARR,1,tv
THE HAUNTING OF FAIRUZA BALK,1,tv
THE HAUNTING OF JAY THOMAS,1,tv
THE HAUNTING OF NADINE VELASQUEZ,1,tv
The Jinx,1,tv
The Jinx,1,tv
The Jinx,1,tv
The Jinx,1,tv
the kettering incident,1,tv
The Killing,1,tv
The Killing,1,tv
The Killing,1,tv
The Killing,1,tv
The Killing,1,tv
The Killing,1,tv
The Killing,1,tv
The Killing,1,tv
The Killing,1,tv
The Killing,1,tv
The Killing,1,tv
The Killing,1,tv
The Killing,1,tv
The Killing,1,tv
The Killing,1,tv
The Knick,1,tv
The Knick,1,tv
The Knick,1,tv
The Knick,1,tv
The Knick,1,tv
The Last Panthers,1,tv
THE LEFTOVERS,1,tv
the lion in your living room,1,tv
The Man From U.N.C.L.E.,1,tv
The Man From U.N.C.L.E.,1,tv
The Man From U.N.C.L.E.,1,tv
The Man From U.N.C.L.E.,1,tv
The Man From U.N.C.L.E.,1,tv
The Man From U.N.C.L.E.,1,tv
The Man From U.N.C.L.E.,1,tv
The Man From U.N.C.L.E.,1,tv
The Man From U.N.C.L.E.,1,tv
The Man From U.N.C.L.E.,1,tv
The Man From U.N.C.L.E.,1,tv
The Man From U.N.C.L.E.,1,tv
The Man From U.N.C.L.E.,1,tv
The Man From U.N.C.L.E.,1,tv
The Man From U.N.C.L.E.,1,tv
The Man From U.N.C.L.E.,1,tv
The Man From U.N.C.L.E.,1,tv
The Man From U.N.C.L.E.,1,tv
The Man From U.N.C.L.E.,1,tv
The Man From U.N.C.L.E.,1,tv
The Man From U.N.C.L.E.,1,tv
The Man From U.N.C.L.E.,1,tv
The Man From U.N.C.L.E.,1,tv
The Man From U.N.C.L.E.,1,tv
The Man From U.N.C.L.E.,1,tv
The Man From U.N.C.L.E.,1,tv
The Man From U.N.C.L.E.,1,tv
THE MAYFAIR SET,1,tv
The Newsroom,1,tv
The Newsroom,1,tv
THE RETURNING,1,tv
THE ROMANOFFS,1,tv
THE ROMANOFFS,1,tv
THE ROMANOFFS,1,tv
THE ROMANOFFS,1,tv
THE ROMANOFFS,1,tv
THE ROMANOFFS,1,tv
The Secret,1,tv
The Secret,1,tv
The Secret,1,tv
The Slap,1,tv
THE SPY WHO WENT INTO THE COLD,1,tv
THE STRANGE LIFE OF YUKIO MISHIMA,1,tv
The Thick of It,1,tv
The Thick of It,1,tv
The Thick of It,1,tv
The Thick of It,1,tv
The Thick of It,1,tv
The Thick of It,1,tv
The Thick of It,1,tv
The Thick of It,1,tv
The Thick of It,1,tv
THE THICK OF IT,1,tv
The Trap,1,tv
THE UNIVERSE,1,tv
The Vietnam War,1,tv
The Vietnam War,1,tv
The Vietnam War,1,tv
THE WHITE QUEEN,1,tv
The Will,1,tv
The Woman Who Wasn't There,1,tv
THE WORLD OF LIBERACE,1,tv
THE ZEN DIARIES OF GARRY SHANDLING,1,tv
Thorne,1,tv
Tom Papa: Freaking Out,1,tv
Tom Papa: Freaking Out,1,tv
Tom Papa: Human Mule,1,tv
Tom Papa: Live in New York City,1,tv
Tracey Ullman's Show,1,tv
Tracey Ullman's Show,1,tv
Tracey Ullman's Show,1,tv
Tracey Ullman's Show,1,tv
Tracey Ullman's Show,1,tv
Tracey Ullman's Show,1,tv
Tracey Ullman's Show,1,tv
Tracey Ullman's Show,1,tv
TRACEY ULLMAN'S SHOW,1,tv
TRACEY ULLMAN'S SHOW,1,tv
Transparent,1,tv
Transparent,1,tv
Transparent,1,tv
Transparent,1,tv
triumph election special 2016,1,tv
triumph summer election special,1,tv
Twenty Twelve,1,tv
Twenty Twelve,1,tv
Twenty Twelve,1,tv
Twenty Twelve,1,tv
Twenty Twelve,1,tv
Twin Peaks,1,tv
Twin Peaks,1,tv
Twin Peaks,1,tv
Twin Peaks,1,tv
Twin Peaks,1,tv
Twin Peaks,1,tv
Twin Peaks,1,tv
Twin Peaks,1,tv
Twin Peaks,1,tv
Twin Peaks,1,tv
Twin Peaks,1,tv
Twin Peaks,1,tv
Twin Peaks,1,tv
Twin Peaks,1,tv
Twin Peaks,1,tv
TWISTED,1,tv
U2 at Madison Square Garden,1,tv
US FEMALE FIGURE SKATING CHAMPIONSHIPS,1,tv
us figure skating championships (ladies),1,tv
Utopia,1,tv
Utopia,1,tv
Utopia,1,tv
Utopia,1,tv
Utopia,1,tv
Utopia,1,tv
VANISHED WITH BETH HOLLOWAY,1,tv
Vanity Fair Confidential,1,tv
Vanity Fair Confidential,1,tv
Vanity Fair Confidential,1,tv
Vanity Fair Confidential,1,tv
Vanity Fair Confidential,1,tv
Vanity Fair Confidential,1,tv
Vanity Fair Confidential,1,tv
Vanity Fair Confidential,1,tv
Vanity Fair Confidential,1,tv
Vanity Fair Confidential,1,tv
Vanity Fair Confidential,1,tv
Vanity Fair Confidential,1,tv
Vanity Fair Confidential,1,tv
Vanity Fair Confidential,1,tv
Vanity Fair Confidential,1,tv
Vanity Fair Confidential,1,tv
Vanity Fair Confidential,1,tv
Vanity Fair Confidential,1,tv
Vanity Fair Confidential,1,tv
VANITY FAIR CONFIDENTIAL,1,tv
VANITY FAIR CONFIDENTIAL,1,tv
Veep,1,tv
Veep,1,tv
Veep,1,tv
Veep,1,tv
Veep,1,tv
Veep,1,tv
Veep,1,tv
Veep,1,tv
Veep,1,tv
Veep,1,tv
Veep,1,tv
Veep,1,tv
Veep,1,tv
Veep,1,tv
Veep,1,tv
Veep,1,tv
Veep,1,tv
Veep,1,tv
Veep,1,tv
Veep,1,tv
Veep,1,tv
Veep,1,tv
Veep,1,tv
Veep,1,tv
Veep,1,tv
Veep,1,tv
Veep,1,tv
Veep,1,tv
Veep,1,tv
Veep,1,tv
Veep,1,tv
Veep,1,tv
Veep,1,tv
Veep,1,tv
Veep,1,tv
Veep,1,tv
Veep,1,tv
Veep,1,tv
Veep,1,tv
Veep,1,tv
Veep,1,tv
Veep,1,tv
Veep,1,tv
Veep,1,tv
Veep,1,tv
Veep,1,tv
Veep,1,tv
Veep,1,tv
Veep,1,tv
Vice,1,tv
VICE Special Report: A World In Disarray,1,tv
Vicious,1,tv
Vicious,1,tv
Videosyncracy,1,tv
Videosyncracy,1,tv
W1A,1,tv
W1A,1,tv
W1A,1,tv
W1A,1,tv
W1A,1,tv
W1A,1,tv
W1A,1,tv
WEST TEXAS INVESTORS CLUB,1,tv
Westworld,1,tv
WILD COUNTRY,1,tv
william shakespeare,1,tv
Wishful Drinking,1,tv
WITNESSED: THE ASSASSINATION OF MALCOLM X,1,tv
WORLD FIGURE SKATING CHAMPIONSHIP,1,tv
